Region,Market,Company_Segment,Product_Category,Product_SubCategory,Sales,Quantity,Total_Sales,Profits,ShippingCost
Central US,USCA,Consumer,Technology,Phones,221.98,2,443.96,62.15,40.77
Oceania,Asia Pacific,Corporate,Furniture,Chairs,"3,709.40",9,"33,384.60",-288.77,923.63
Oceania,Asia Pacific,Consumer,Technology,Phones,"5,175.17",9,"46,576.53",919.97,915.49
Western Europe,Europe,Home Office,Technology,Phones,"2,892.51",5,"14,462.55",-96.54,910.16
Western Africa,Africa,Consumer,Technology,Copiers,"2,832.96",8,"22,663.68",311.52,903.04
Oceania,Asia Pacific,Corporate,Technology,Phones,"2,862.68",5,"14,313.40",763.28,897.35
Oceania,Asia Pacific,Consumer,Furniture,Chairs,"1,822.08",4,"7,288.32",564.84,894.77
Oceania,Asia Pacific,Consumer,Furniture,Tables,"5,244.84",6,"31,469.04",996.48,878.38
Central US,USCA,Consumer,Furniture,Bookcases,341.96,2,683.92,54.71,25.27
Western US,USCA,Consumer,Furniture,Chairs,48.71,1,48.71,5.48,11.13
Western US,USCA,Consumer,Office Supplies,Art,17.94,3,53.82,4.66,4.29
Southern Asia,Asia Pacific,Corporate,Furniture,Tables,"4,626.15",5,"23,130.75",647.55,835.57
Western Asia,Asia Pacific,Consumer,Technology,Phones,"2,616.96",4,"10,467.84","1,151.40",832.41
South America,LATAM,Home Office,Furniture,Chairs,"2,221.80",7,"15,552.60",622.02,810.25
Eastern Asia,Asia Pacific,Consumer,Office Supplies,Appliances,"3,701.52",12,"44,418.24","1,036.08",804.54
Western Europe,Europe,Corporate,Office Supplies,Appliances,"1,869.59",4,"7,478.36",186.95,801.66
Central US,USCA,Consumer,Office Supplies,Storage,12.62,2,25.24,-2.52,1.97
Southern Europe,Europe,Corporate,Office Supplies,Appliances,"7,958.58",14,"111,420.12","3,979.08",778.32
Oceania,Asia Pacific,Corporate,Technology,Copiers,"2,565.59",9,"23,090.31",28.40,766.93
Eastern Africa,Africa,Consumer,Office Supplies,Appliances,"3,409.74",6,"20,458.44",818.28,763.38
Eastern Europe,Europe,Corporate,Furniture,Tables,"1,977.72",4,"7,910.88",276.84,759.47
Western US,USCA,Consumer,Office Supplies,Storage,242.94,3,728.82,4.86,1.28
Eastern Asia,Asia Pacific,Corporate,Furniture,Chairs,"2,754.00",6,"16,524.00",358.02,752.47
Northern Europe,Europe,Home Office,Office Supplies,Appliances,"5,273.70",10,"52,737.00","1,898.40",730.91
Central America,LATAM,Consumer,Technology,Phones,"1,713.84",4,"6,855.36",445.52,728.97
Central America,LATAM,Consumer,Furniture,Tables,"2,106.50",8,"16,852.00",526.50,728.39
Eastern Asia,Asia Pacific,Corporate,Furniture,Tables,"1,715.16",2,"3,430.32",720.36,725.57
Western Europe,Europe,Consumer,Office Supplies,Appliances,"3,069.74",6,"18,418.44","1,364.24",725.34
Eastern US,USCA,Corporate,Office Supplies,Fasteners,247.84,8,"1,982.72",121.44,55.20
Southern Asia,Asia Pacific,Consumer,Furniture,Chairs,"1,878.72",4,"7,514.88",582.36,704.08
Caribbean,LATAM,Corporate,Technology,Phones,"1,696.64",5,"8,483.20",-148.46,704.06
Western Europe,Europe,Corporate,Technology,Machines,"2,402.87",9,"21,625.83",763.16,699.55
Western US,USCA,Corporate,Technology,Phones,668.16,9,"6,013.44",75.17,45.74
Oceania,Asia Pacific,Corporate,Office Supplies,Appliances,"2,526.93",5,"12,634.65",561.48,689.80
Western US,USCA,Corporate,Office Supplies,Storage,323.10,2,646.20,61.39,26.70
Central Africa,Africa,Corporate,Technology,Phones,"3,817.26",6,"22,903.56","1,068.66",678.15
Western US,USCA,Corporate,Furniture,Chairs,279.46,6,"1,676.76",20.96,11.69
Eastern US,USCA,Corporate,Technology,Accessories,34.77,3,104.31,11.47,8.22
Northern Europe,Europe,Consumer,Technology,Copiers,"4,141.02",13,"53,833.26","1,697.67",668.96
Oceania,Asia Pacific,Consumer,Technology,Phones,"2,875.10",5,"14,375.50",511.10,665.27
Southeastern Asia,Asia Pacific,Consumer,Technology,Phones,"3,200.60",6,"19,203.60",-77.20,660.87
Southern Asia,Asia Pacific,Home Office,Technology,Phones,"4,518.78",7,"31,631.46",632.52,658.69
Southern Asia,Asia Pacific,Corporate,Furniture,Bookcases,"5,667.87",13,"73,682.31","2,097.03",658.35
Northern Europe,Europe,Consumer,Technology,Phones,"5,785.02",9,"52,065.18",404.73,656.73
Western Europe,Europe,Consumer,Office Supplies,Appliances,"3,018.62",7,"21,130.34",377.24,655.91
Southern US,USCA,Corporate,Furniture,Furnishings,86.45,7,605.15,38.04,5.73
Western Europe,Europe,Corporate,Furniture,Chairs,"2,092.50",5,"10,462.50",720.75,652.98
Eastern Asia,Asia Pacific,Consumer,Furniture,Chairs,"2,761.20",6,"16,567.20",110.34,644.75
Southern Asia,Asia Pacific,Consumer,Technology,Machines,"2,174.13",7,"15,218.91",500.01,637.86
South America,LATAM,Consumer,Furniture,Chairs,"3,473.14",11,"38,204.54",868.12,634.53
Western US,USCA,Corporate,Office Supplies,Binders,49.41,4,197.64,18.53,2.84
Southern Asia,Asia Pacific,Consumer,Technology,Copiers,"2,108.64",8,"16,869.12",527.04,630.97
Eastern US,USCA,Corporate,Office Supplies,Labels,18.90,3,56.70,8.69,1.30
Eastern Asia,Asia Pacific,Corporate,Furniture,Bookcases,"2,197.50",5,"10,987.50",153.75,627.27
Eastern Africa,Africa,Corporate,Technology,Phones,"2,582.16",4,"10,328.64",593.88,627.17
Southern Asia,Asia Pacific,Consumer,Technology,Copiers,"1,526.52",4,"6,106.08",732.72,625.77
Eastern US,USCA,Corporate,Office Supplies,Binders,9.91,3,29.73,3.35,1.20
Southern Asia,Asia Pacific,Corporate,Furniture,Tables,"1,745.34",2,"3,490.68",226.86,616.27
Oceania,Asia Pacific,Consumer,Office Supplies,Appliances,"4,191.51",9,"37,723.59","1,164.27",614.34
Western US,USCA,Corporate,Office Supplies,Paper,8.00,2,16.00,3.84,1.15
Southern Asia,Asia Pacific,Consumer,Furniture,Bookcases,"3,063.27",7,"21,442.89",581.91,609.24
Eastern US,USCA,Corporate,Office Supplies,Art,18.70,7,130.90,2.34,1.13
Western Europe,Europe,Corporate,Technology,Phones,"4,473.00",7,"31,311.00",313.11,604.40
Western Europe,Europe,Corporate,Technology,Phones,"1,502.01",9,"13,518.09",225.18,600.21
Eastern Asia,Asia Pacific,Consumer,Furniture,Chairs,"5,049.00",11,"55,539.00",656.37,595.50
Southern US,USCA,Corporate,Technology,Machines,695.70,2,"1,391.40",-27.83,160.19
Southern Europe,Europe,Consumer,Furniture,Bookcases,"2,188.05",5,"10,940.25","1,050.15",593.91
Southern Asia,Asia Pacific,Corporate,Furniture,Tables,"1,920.36",4,"7,681.44",652.92,592.77
Central America,LATAM,Home Office,Technology,Phones,"1,704.00",4,"6,816.00",119.28,592.73
Eastern Europe,Europe,Home Office,Furniture,Tables,"1,858.68",4,"7,434.72",130.08,590.56
Eastern Asia,Asia Pacific,Corporate,Furniture,Chairs,"3,298.26",7,"23,087.82","1,055.25",589.36
Central America,LATAM,Consumer,Office Supplies,Appliances,"2,443.48",13,"31,765.24",121.94,589.29
Central Africa,Africa,Consumer,Furniture,Chairs,"3,808.80",8,"30,470.40","1,523.52",588.13
Southeastern Asia,Asia Pacific,Corporate,Furniture,Tables,"3,427.15",7,"23,990.05",-452.81,586.57
Northern Europe,Europe,Consumer,Technology,Phones,"3,441.69",6,"20,650.14",38.07,585.25
Oceania,Asia Pacific,Consumer,Technology,Phones,"2,863.35",5,"14,316.75",858.90,581.88
Central US,USCA,Corporate,Technology,Machines,"1,439.98",3,"4,319.94",-264.00,103.62
Western Europe,Europe,Consumer,Technology,Copiers,"1,487.40",10,"14,874.00",728.70,580.98
Eastern Asia,Asia Pacific,Home Office,Technology,Copiers,"3,200.04",9,"28,800.36","1,183.95",576.71
Southern Asia,Asia Pacific,Consumer,Furniture,Chairs,"2,301.00",5,"11,505.00",91.95,573.27
Western Europe,Europe,Consumer,Furniture,Chairs,"5,729.35",14,"80,210.90",63.55,572.95
North Africa,Africa,Corporate,Technology,Copiers,"5,301.24",14,"74,217.36","2,597.28",568.45
Western US,USCA,Corporate,Furniture,Bookcases,477.67,2,955.34,84.29,43.01
Western US,USCA,Corporate,Office Supplies,Binders,88.07,7,616.49,-58.72,23.88
Western Europe,Europe,Consumer,Technology,Phones,"3,219.90",5,"16,099.50",965.85,564.25
Southeastern Asia,Asia Pacific,Consumer,Office Supplies,Appliances,"2,487.81",6,"14,926.86",-269.79,562.14
North Africa,Africa,Home Office,Office Supplies,Appliances,"2,266.44",4,"9,065.76",113.28,556.45
Oceania,Asia Pacific,Corporate,Technology,Copiers,"3,068.36",9,"27,615.24","1,124.90",555.77
Southern Asia,Asia Pacific,Consumer,Furniture,Bookcases,"3,728.43",9,"33,555.87","1,192.86",553.31
Eastern Asia,Asia Pacific,Consumer,Technology,Copiers,"1,581.48",6,"9,488.88",0.00,550.74
Southern Asia,Asia Pacific,Corporate,Technology,Phones,"1,916.73",3,"5,750.19",498.33,548.40
Western US,USCA,Corporate,Furniture,Tables,171.29,3,513.87,-6.42,12.65
Western Europe,Europe,Home Office,Office Supplies,Appliances,"2,432.16",5,"12,160.80",513.36,546.90
Southern US,USCA,Corporate,Office Supplies,Binders,28.85,6,173.10,-21.16,5.35
Southeastern Asia,Asia Pacific,Corporate,Furniture,Chairs,"2,465.82",7,"17,260.74",197.19,546.49
Oceania,Asia Pacific,Corporate,Furniture,Tables,"1,847.52",2,"3,695.04",738.96,545.89
Western Europe,Europe,Consumer,Furniture,Bookcases,"2,899.89",7,"20,299.23",927.78,541.59
Oceania,Asia Pacific,Home Office,Furniture,Chairs,"2,891.70",7,"20,241.90",96.39,541.57
Western Europe,Europe,Consumer,Technology,Machines,"2,016.85",9,"18,151.65",-0.05,540.77
Western Europe,Europe,Home Office,Office Supplies,Appliances,"3,155.54",7,"22,088.78",34.94,539.94
Central Africa,Africa,Consumer,Technology,Phones,"3,856.14",6,"23,136.84","1,465.20",533.99
Oceania,Asia Pacific,Corporate,Technology,Phones,"3,524.47",6,"21,146.82",861.37,531.28
Western Europe,Europe,Consumer,Technology,Phones,"2,167.30",4,"8,669.20",790.42,531.09
Central America,LATAM,Corporate,Technology,Phones,"2,556.00",6,"15,336.00",178.92,530.49
Western Europe,Europe,Consumer,Technology,Copiers,"1,469.25",5,"7,346.25",308.40,527.87
Western Europe,Europe,Consumer,Technology,Phones,"4,448.83",8,"35,590.64","1,517.71",527.85
Eastern US,USCA,Corporate,Office Supplies,Paper,65.78,11,723.58,32.23,4.36
South America,LATAM,Home Office,Furniture,Bookcases,"2,472.66",9,"22,253.94",914.76,523.47
Oceania,Asia Pacific,Consumer,Office Supplies,Appliances,"3,739.18",8,"29,913.44",747.82,522.79
Western Europe,Europe,Home Office,Furniture,Chairs,"2,570.87",11,"28,279.57","-2,211.17",520.89
Southern US,USCA,Corporate,Office Supplies,Storage,31.40,2,62.80,7.85,3.81
Western Europe,Europe,Corporate,Technology,Phones,"2,875.77",9,"25,881.93","-1,783.08",516.63
Southern Europe,Europe,Consumer,Furniture,Bookcases,"1,741.80",4,"6,967.20",261.24,515.24
Oceania,Asia Pacific,Consumer,Technology,Copiers,"1,601.64",5,"8,008.20",587.19,511.47
Eastern Asia,Asia Pacific,Consumer,Office Supplies,Appliances,"3,670.80",7,"25,695.60",367.08,510.72
Central US,USCA,Corporate,Office Supplies,Paper,36.29,7,254.03,12.70,1.99
Western Europe,Europe,Consumer,Technology,Copiers,"1,900.95",5,"9,504.75",589.20,506.89
Southern US,USCA,Corporate,Office Supplies,Binders,15.66,5,78.30,-12.53,1.56
Western Europe,Europe,Corporate,Furniture,Chairs,"4,544.10",11,"49,985.10","1,868.13",506.27
Eastern Asia,Asia Pacific,Consumer,Furniture,Bookcases,"1,455.12",4,"5,820.48",116.40,504.56
Oceania,Asia Pacific,Consumer,Technology,Copiers,"1,943.19",6,"11,659.14",258.93,499.62
Western US,USCA,Home Office,Furniture,Tables,"2,036.86",7,"14,258.02",366.63,524.76
Eastern US,USCA,Home Office,Office Supplies,Binders,"4,355.17",4,"17,420.68","1,415.43",82.67
Oceania,Asia Pacific,Corporate,Technology,Copiers,"1,695.87",5,"8,479.35",-37.83,498.62
Western Europe,Europe,Corporate,Technology,Copiers,"1,505.98",6,"9,035.88",-265.76,498.52
Southeastern Asia,Asia Pacific,Consumer,Technology,Phones,"1,954.17",3,"5,862.51",312.66,498.38
Western US,USCA,Home Office,Furniture,Chairs,449.57,2,899.14,-73.05,47.81
Southern US,USCA,Home Office,Office Supplies,Appliances,160.32,2,320.64,44.89,13.75
Western US,USCA,Home Office,Technology,Accessories,108.96,3,326.88,32.69,11.57
South America,LATAM,Consumer,Technology,Copiers,"1,213.19",7,"8,492.33",508.01,493.41
Southern Asia,Asia Pacific,Corporate,Technology,Copiers,"1,590.60",5,"7,953.00",572.55,493.20
Eastern Asia,Asia Pacific,Consumer,Technology,Accessories,"2,330.64",9,"20,975.76","1,025.46",492.79
Southeastern Asia,Asia Pacific,Home Office,Furniture,Bookcases,"3,278.58",8,"26,228.64",140.82,492.28
Southeastern Asia,Asia Pacific,Home Office,Technology,Phones,"3,741.52",7,"26,190.64",946.63,491.91
Central US,USCA,Home Office,Office Supplies,Paper,67.80,10,678.00,31.19,7.97
Southeastern Asia,Asia Pacific,Consumer,Furniture,Bookcases,"3,637.60",10,"36,376.00",156.40,487.86
Central America,LATAM,Home Office,Office Supplies,Appliances,"2,455.88",7,"17,191.16",785.82,487.48
Eastern Asia,Asia Pacific,Consumer,Technology,Machines,"1,024.68",8,"8,197.44",-286.92,487.32
Central US,USCA,Home Office,Office Supplies,Fasteners,167.94,3,503.82,82.29,6.61
Eastern US,USCA,Home Office,Office Supplies,Paper,24.56,2,49.12,11.54,6.53
South America,LATAM,Home Office,Technology,Accessories,"2,297.96",14,"32,171.44",988.12,483.26
Southern Europe,Europe,Corporate,Technology,Copiers,"2,671.41",7,"18,699.87",534.24,483.04
Eastern Africa,Africa,Consumer,Technology,Phones,"3,834.00",6,"23,004.00",268.38,481.04
Eastern US,USCA,Home Office,Office Supplies,Paper,49.12,4,196.48,23.09,6.22
Southeastern Asia,Asia Pacific,Corporate,Office Supplies,Appliances,"3,501.74",8,"28,013.92",210.86,479.96
Oceania,Asia Pacific,Home Office,Technology,Phones,"1,725.46",3,"5,176.38",747.61,479.94
Eastern Asia,Asia Pacific,Consumer,Technology,Copiers,"1,583.70",5,"7,918.50",174.15,479.67
Western US,USCA,Home Office,Technology,Accessories,79.99,1,79.99,28.80,5.44
Oceania,Asia Pacific,Home Office,Furniture,Bookcases,"2,760.35",7,"19,322.45",-214.73,475.34
Southern Asia,Asia Pacific,Corporate,Technology,Accessories,"3,078.72",12,"36,944.64",523.08,474.44
Western Europe,Europe,Consumer,Office Supplies,Appliances,"1,983.14",7,"13,881.98","-1,784.90",473.27
Western Europe,Europe,Consumer,Furniture,Bookcases,"1,112.78",3,"3,338.34",296.66,472.00
Western Europe,Europe,Consumer,Technology,Copiers,"3,616.50",10,"36,165.00",36.00,471.92
Southern US,USCA,Home Office,Furniture,Furnishings,127.88,2,255.76,40.92,3.15
Oceania,Asia Pacific,Consumer,Technology,Phones,"2,892.11",5,"14,460.55",160.61,470.29
Western Europe,Europe,Consumer,Technology,Phones,"3,263.40",5,"16,317.00",848.40,469.29
Southern US,USCA,Home Office,Office Supplies,Binders,46.00,4,184.00,20.70,2.72
Central America,LATAM,Corporate,Furniture,Tables,"3,117.09",13,"40,522.17",38.95,466.70
Eastern US,USCA,Home Office,Office Supplies,Supplies,27.93,3,83.79,8.10,2.16
Central America,LATAM,Home Office,Office Supplies,Appliances,"1,888.70",5,"9,443.50",887.60,465.92
Eastern Asia,Asia Pacific,Consumer,Office Supplies,Appliances,"3,000.78",6,"18,004.68","1,080.18",465.63
Southern Europe,Europe,Corporate,Office Supplies,Appliances,"3,801.63",7,"26,611.41","1,444.59",465.02
Western Asia,Asia Pacific,Consumer,Technology,Phones,"5,211.12",8,"41,688.96","1,146.24",463.98
Eastern Asia,Asia Pacific,Corporate,Furniture,Tables,"1,356.03",3,"4,068.09",311.85,458.97
Oceania,Asia Pacific,Consumer,Office Supplies,Appliances,"3,569.64",7,"24,987.48",674.16,458.54
Western US,USCA,Home Office,Office Supplies,Paper,18.54,2,37.08,8.71,1.69
Southeastern Asia,Asia Pacific,Consumer,Furniture,Bookcases,"2,910.08",8,"23,280.64",125.12,456.32
Southeastern Asia,Asia Pacific,Home Office,Furniture,Chairs,"3,126.40",9,"28,137.60",-128.72,455.71
Northern Europe,Europe,Consumer,Technology,Phones,"5,276.99",9,"47,492.91","1,758.89",454.81
Southeastern Asia,Asia Pacific,Consumer,Technology,Phones,"2,645.38",5,"13,226.90",-0.02,452.60
Oceania,Asia Pacific,Consumer,Furniture,Bookcases,"1,637.01",5,"8,185.05",-36.39,452.28
Eastern US,USCA,Home Office,Office Supplies,Binders,3.05,1,3.05,1.07,1.67
Southeastern Asia,Asia Pacific,Consumer,Technology,Phones,"2,645.38",5,"13,226.90",-0.02,451.03
Eastern US,USCA,Home Office,Technology,Accessories,6.79,1,6.79,2.31,1.31
Eastern Asia,Asia Pacific,Corporate,Furniture,Tables,"3,238.31",5,"16,191.55",-740.30,449.18
Northern Europe,Europe,Corporate,Furniture,Bookcases,"2,291.81",7,"16,042.67",127.13,448.91
Central America,LATAM,Consumer,Technology,Phones,"2,124.50",5,"10,622.50",488.60,447.66
Eastern Europe,Europe,Home Office,Furniture,Chairs,"2,757.78",6,"16,546.68",744.48,446.33
Southern Europe,Europe,Consumer,Technology,Accessories,"1,549.98",6,"9,299.88",139.32,443.92
Eastern US,USCA,Home Office,Office Supplies,Paper,20.74,4,82.96,7.26,1.23
Eastern Europe,Europe,Corporate,Office Supplies,Appliances,"3,146.40",6,"18,878.40",629.28,443.55
Western Europe,Europe,Corporate,Technology,Machines,"2,456.62",11,"27,022.82",664.72,442.49
Western Europe,Europe,Consumer,Furniture,Tables,"2,228.64",7,"15,600.48",-754.41,440.25
Central US,USCA,Home Office,Office Supplies,Paper,4.41,1,4.41,2.03,1.21
Southern Asia,Asia Pacific,Corporate,Office Supplies,Appliances,"4,001.04",8,"32,008.32","1,440.24",439.65
Western Europe,Europe,Home Office,Technology,Phones,"4,876.88",9,"43,891.92",745.88,439.41
Oceania,Asia Pacific,Consumer,Furniture,Tables,"1,788.82",6,"10,732.92",204.28,439.03
Southern Asia,Asia Pacific,Home Office,Office Supplies,Appliances,"3,622.29",7,"25,356.03","1,267.77",438.89
Southeastern Asia,Asia Pacific,Consumer,Furniture,Tables,"1,242.59",5,"6,212.95",-140.72,437.85
Northern Europe,Europe,Corporate,Technology,Phones,"4,453.05",7,"31,171.35","1,424.85",433.41
Southeastern Asia,Asia Pacific,Consumer,Furniture,Tables,"2,673.36",8,"21,386.88","1,069.20",432.57
Oceania,Asia Pacific,Consumer,Furniture,Chairs,"2,046.20",5,"10,231.00",591.05,432.15
Northern Europe,Europe,Consumer,Furniture,Tables,"5,451.30",6,"32,707.80","2,071.44",432.13
Eastern US,USCA,Corporate,Furniture,Tables,637.90,3,"1,913.70",-127.58,188.95
Southeastern Asia,Asia Pacific,Consumer,Office Supplies,Appliances,"1,722.28",4,"6,889.12",539.44,430.04
Eastern US,USCA,Corporate,Furniture,Furnishings,210.68,2,421.36,50.56,79.52
Western Europe,Europe,Home Office,Office Supplies,Appliances,"1,007.42",2,"2,014.84",134.30,428.83
Eastern US,USCA,Corporate,Furniture,Tables,240.74,4,962.96,-13.76,68.01
Oceania,Asia Pacific,Home Office,Office Supplies,Appliances,"4,624.29",9,"41,618.61","1,644.03",427.46
Western Europe,Europe,Corporate,Office Supplies,Storage,"1,066.45",6,"6,398.70",-11.93,427.24
Eastern Asia,Asia Pacific,Home Office,Technology,Copiers,957.60,4,"3,830.40",0.00,427.10
Oceania,Asia Pacific,Home Office,Office Supplies,Appliances,"4,864.32",10,"48,643.20",162.12,426.09
Eastern US,USCA,Corporate,Office Supplies,Binders,841.57,2,"1,683.14",294.55,57.49
Southeastern Asia,Asia Pacific,Consumer,Office Supplies,Appliances,"1,433.84",3,"4,301.52",-84.37,424.81
Southern Africa,Africa,Home Office,Office Supplies,Storage,"2,784.60",14,"38,984.40",779.52,422.25
Southern Europe,Europe,Consumer,Furniture,Bookcases,"3,063.27",7,"21,442.89","1,470.21",419.38
Western US,USCA,Corporate,Office Supplies,Supplies,231.72,2,463.44,11.59,43.08
Western US,USCA,Corporate,Furniture,Furnishings,196.45,5,982.25,70.72,36.52
Caribbean,LATAM,Consumer,Technology,Phones,"2,044.80",6,"12,268.80",-332.28,417.99
Central US,USCA,Corporate,Technology,Accessories,165.60,3,496.80,-6.21,11.15
Eastern Asia,Asia Pacific,Corporate,Technology,Copiers,"1,521.00",4,"6,084.00",0.00,416.74
Western Europe,Europe,Consumer,Office Supplies,Appliances,"2,443.91",5,"12,219.55",760.31,416.33
Canada,USCA,Corporate,Office Supplies,Storage,137.31,1,137.31,54.90,11.13
Southern Asia,Asia Pacific,Corporate,Technology,Machines,"1,141.80",10,"11,418.00",570.90,415.01
Southern Asia,Asia Pacific,Corporate,Office Supplies,Storage,"1,865.97",9,"16,793.73",802.17,413.95
Eastern Asia,Asia Pacific,Corporate,Technology,Phones,"6,998.64",11,"76,985.04","2,939.31",413.80
Southern Europe,Europe,Consumer,Furniture,Bookcases,"1,091.25",3,"3,273.75",119.97,411.64
Southern Asia,Asia Pacific,Home Office,Furniture,Bookcases,"1,094.22",3,"3,282.66",328.23,411.06
Oceania,Asia Pacific,Corporate,Furniture,Bookcases,"1,320.62",4,"5,282.48",484.22,410.88
Southeastern Asia,Asia Pacific,Consumer,Technology,Phones,"2,555.64",4,"10,222.56",664.44,410.22
Eastern Europe,Europe,Home Office,Furniture,Bookcases,"3,498.72",8,"27,989.76",594.72,410.05
Eastern US,USCA,Corporate,Furniture,Furnishings,35.00,4,140.00,14.70,8.98
Eastern Asia,Asia Pacific,Consumer,Technology,Copiers,"2,272.86",6,"13,637.16",977.22,406.53
Eastern Asia,Asia Pacific,Consumer,Technology,Phones,"5,211.12",8,"41,688.96",833.76,404.97
Southern Asia,Asia Pacific,Home Office,Technology,Phones,"2,582.16",4,"10,328.64",361.44,404.08
Southern Asia,Asia Pacific,Home Office,Technology,Phones,"3,194.55",5,"15,972.75",830.55,403.97
Oceania,Asia Pacific,Consumer,Furniture,Chairs,"1,705.00",4,"6,820.00",378.88,403.46
Southeastern Asia,Asia Pacific,Corporate,Office Supplies,Appliances,"1,538.72",6,"9,232.32",325.70,403.26
Eastern Asia,Asia Pacific,Home Office,Furniture,Chairs,"1,381.32",3,"4,143.96",593.91,403.15
Western Europe,Europe,Home Office,Furniture,Bookcases,"1,181.55",3,"3,544.65",498.81,401.25
Western Europe,Europe,Consumer,Furniture,Chairs,"1,696.25",4,"6,785.00",734.93,401.13
Eastern US,USCA,Corporate,Office Supplies,Supplies,190.90,2,381.80,-42.95,8.72
Southern US,USCA,Corporate,Furniture,Chairs,314.35,3,943.05,-35.36,6.19
Southern Africa,Africa,Home Office,Office Supplies,Appliances,"1,237.56",4,"4,950.24",606.36,400.03
North Africa,Africa,Consumer,Technology,Phones,"1,274.70",2,"2,549.40",140.16,399.96
South America,LATAM,Consumer,Office Supplies,Appliances,"3,172.14",9,"28,549.26",856.44,399.85
Eastern US,USCA,Corporate,Office Supplies,Paper,43.44,8,347.52,21.29,5.97
Northern Europe,Europe,Corporate,Office Supplies,Appliances,"3,979.29",7,"27,855.03","1,989.54",398.50
Central US,USCA,Corporate,Office Supplies,Paper,51.84,10,518.40,18.14,4.93
Western US,USCA,Corporate,Office Supplies,Fasteners,17.90,5,89.50,8.95,4.89
Western US,USCA,Corporate,Office Supplies,Paper,12.48,2,24.96,5.62,2.73
Western Asia,Asia Pacific,Consumer,Furniture,Tables,"2,058.00",4,"8,232.00",946.68,393.62
Southeastern Asia,Asia Pacific,Consumer,Furniture,Bookcases,"2,539.88",7,"17,779.16",709.94,393.58
Northern Europe,Europe,Consumer,Furniture,Bookcases,"2,898.21",7,"20,287.47","1,420.02",393.46
Western Europe,Europe,Home Office,Technology,Machines,"1,320.01",5,"6,600.05",357.16,390.20
Northern Europe,Europe,Corporate,Furniture,Tables,"2,171.16",8,"17,369.28","-2,750.28",390.09
Oceania,Asia Pacific,Corporate,Technology,Copiers,"4,448.22",13,"57,826.86",444.48,386.38
Southern US,USCA,Corporate,Office Supplies,Art,12.84,3,38.52,3.72,1.88
South America,LATAM,Consumer,Technology,Phones,"2,300.62",9,"20,705.58",38.20,386.00
North Africa,Africa,Home Office,Furniture,Bookcases,"2,615.94",6,"15,695.64","1,072.44",384.41
Southern Asia,Asia Pacific,Consumer,Technology,Copiers,"1,066.68",3,"3,200.04",394.65,383.68
Eastern US,USCA,Corporate,Office Supplies,Appliances,2.22,1,2.22,0.67,1.64
Southern Africa,Africa,Corporate,Technology,Phones,"2,544.60",4,"10,178.40",814.20,383.01
Oceania,Asia Pacific,Corporate,Furniture,Tables,"3,694.68",4,"14,778.72",886.68,382.77
Eastern Asia,Asia Pacific,Home Office,Furniture,Tables,"2,214.85",7,"15,503.95",-221.57,382.10
South America,LATAM,Home Office,Furniture,Chairs,"1,236.48",4,"4,945.92",111.28,381.22
Central America,LATAM,Corporate,Office Supplies,Appliances,"1,805.90",5,"9,029.50",126.40,381.14
Western US,USCA,Corporate,Office Supplies,Labels,5.22,2,10.44,2.40,1.51
Eastern US,USCA,Corporate,Office Supplies,Art,3.01,2,6.02,0.34,1.38
Eastern US,USCA,Corporate,Office Supplies,Binders,8.60,5,43.00,-6.30,1.37
Central America,LATAM,Consumer,Office Supplies,Appliances,"1,810.30",5,"9,051.50",54.30,378.26
Central America,LATAM,Consumer,Technology,Phones,"2,120.50",5,"10,602.50",106.00,377.70
Eastern Asia,Asia Pacific,Consumer,Technology,Phones,"1,275.00",2,"2,550.00",140.22,377.58
Western Europe,Europe,Consumer,Technology,Machines,"1,593.65",7,"11,155.55",-225.16,377.03
Western Europe,Europe,Corporate,Furniture,Bookcases,"1,114.24",3,"3,342.72",383.71,376.88
Western Europe,Europe,Consumer,Technology,Phones,"2,944.08",5,"14,720.40","1,112.13",376.58
Southeastern Asia,Asia Pacific,Consumer,Office Supplies,Appliances,"3,309.26",7,"23,164.82",318.86,374.80
South America,LATAM,Consumer,Furniture,Chairs,897.48,9,"8,077.32",322.92,374.38
Western Europe,Europe,Consumer,Furniture,Bookcases,"2,056.05",5,"10,280.25",390.60,372.50
Central America,LATAM,Corporate,Technology,Copiers,"2,365.66",10,"23,656.60",18.86,372.32
Oceania,Asia Pacific,Consumer,Technology,Copiers,"1,336.36",7,"9,354.52",44.44,371.74
Eastern Asia,Asia Pacific,Consumer,Technology,Copiers,"3,038.64",8,"24,309.12","1,245.84",371.51
Northern Europe,Europe,Consumer,Office Supplies,Appliances,"2,698.65",9,"24,287.85",890.46,369.98
Southern Africa,Africa,Corporate,Technology,Copiers,"3,799.08",12,"45,588.96",455.76,369.73
Southern Asia,Asia Pacific,Consumer,Furniture,Chairs,"2,756.34",6,"16,538.04",413.28,369.40
Southern Europe,Europe,Home Office,Technology,Phones,983.88,8,"7,871.04",-11.16,369.17
Southeastern Asia,Asia Pacific,Home Office,Furniture,Chairs,"1,719.81",5,"8,599.05",117.66,368.44
Southeastern Asia,Asia Pacific,Consumer,Office Supplies,Appliances,"1,421.54",3,"4,264.62",428.12,367.57
Caribbean,LATAM,Consumer,Technology,Copiers,"1,053.69",5,"5,268.45",441.29,367.55
Western Europe,Europe,Consumer,Technology,Copiers,"1,440.84",8,"11,526.72","-1,268.04",367.35
Oceania,Asia Pacific,Corporate,Furniture,Chairs,"2,544.37",6,"15,266.22",621.79,366.89
Southern US,USCA,Corporate,Office Supplies,Paper,27.89,7,195.23,10.11,1.26
Eastern Europe,Europe,Consumer,Technology,Copiers,"1,554.48",8,"12,435.84",341.76,366.58
Central America,LATAM,Consumer,Technology,Phones,"1,278.00",3,"3,834.00",89.46,365.90
Central America,LATAM,Corporate,Technology,Phones,"3,474.08",8,"27,792.64",625.28,365.65
Central America,LATAM,Consumer,Technology,Phones,"2,550.00",6,"15,300.00",357.00,365.20
Eastern US,USCA,Consumer,Office Supplies,Binders,538.19,2,"1,076.38",-412.62,209.30
Eastern US,USCA,Consumer,Furniture,Chairs,579.53,4,"2,318.12",83.71,64.56
Central US,USCA,Consumer,Furniture,Tables,"1,024.38",7,"7,170.66",215.12,62.17
Western Asia,Asia Pacific,Consumer,Technology,Phones,934.25,14,"13,079.50","-1,331.65",363.73
Eastern US,USCA,Consumer,Furniture,Bookcases,353.57,2,707.14,-44.20,48.18
Western Africa,Africa,Corporate,Technology,Phones,"3,908.88",6,"23,453.28","1,563.48",363.16
Central America,LATAM,Home Office,Technology,Phones,"2,142.30",5,"10,711.50",556.90,363.10
Oceania,Asia Pacific,Consumer,Office Supplies,Appliances,"1,900.58",6,"11,403.48",-348.52,360.04
Central Africa,Africa,Consumer,Office Supplies,Appliances,"1,840.68",6,"11,044.08",496.98,359.58
Northern Europe,Europe,Consumer,Furniture,Bookcases,"2,624.04",6,"15,744.24",446.04,359.28
Southern Asia,Asia Pacific,Corporate,Furniture,Bookcases,"3,076.50",7,"21,535.50",215.25,359.27
Southeastern Asia,Asia Pacific,Corporate,Technology,Phones,"3,181.77",6,"19,090.62",344.97,359.09
Southern Europe,Europe,Consumer,Office Supplies,Storage,"1,392.63",11,"15,318.93",-139.56,358.96
Eastern Asia,Asia Pacific,Consumer,Furniture,Chairs,"1,296.24",8,"10,369.92",285.12,358.85
Eastern Asia,Asia Pacific,Consumer,Office Supplies,Appliances,"1,682.91",3,"5,048.73",487.98,358.51
Central America,LATAM,Consumer,Technology,Phones,"1,278.00",3,"3,834.00",89.46,358.18
Eastern Europe,Europe,Home Office,Technology,Phones,"2,570.76",4,"10,283.04",976.80,357.89
South America,LATAM,Home Office,Furniture,Tables,"2,332.96",5,"11,664.80",349.86,357.79
Oceania,Asia Pacific,Home Office,Furniture,Bookcases,"1,582.20",6,"9,493.20",-870.30,357.21
Eastern US,USCA,Consumer,Technology,Accessories,71.98,3,215.94,19.79,16.53
Oceania,Asia Pacific,Corporate,Furniture,Tables,"1,512.00",6,"9,072.00",498.96,356.84
Eastern US,USCA,Consumer,Office Supplies,Binders,186.14,6,"1,116.84",60.50,15.46
Southern Africa,Africa,Consumer,Technology,Phones,"2,550.00",4,"10,200.00",714.00,355.92
Eastern US,USCA,Consumer,Technology,Accessories,47.98,2,95.96,14.40,13.56
Northern Europe,Europe,Home Office,Furniture,Chairs,"2,285.70",5,"11,428.50",845.70,355.06
Southeastern Asia,Asia Pacific,Consumer,Furniture,Bookcases,"1,029.26",9,"9,263.34",10.82,354.47
Central America,LATAM,Corporate,Technology,Copiers,"1,058.28",5,"5,291.40",-2.12,354.42
Southern Asia,Asia Pacific,Consumer,Technology,Phones,"5,751.54",9,"51,763.86","2,817.99",353.85
Western Europe,Europe,Home Office,Furniture,Bookcases,"2,442.07",7,"17,094.49",-244.25,353.57
Oceania,Asia Pacific,Home Office,Office Supplies,Storage,"1,190.52",6,"7,143.12",178.56,353.42
Western Europe,Europe,Consumer,Office Supplies,Appliances,"3,150.82",7,"22,055.74",-35.09,353.04
Western Europe,Europe,Home Office,Technology,Copiers,"1,599.90",5,"7,999.50",719.85,352.79
Eastern Asia,Asia Pacific,Corporate,Furniture,Bookcases,"2,063.40",5,"10,317.00",123.75,352.64
Eastern Europe,Europe,Home Office,Office Supplies,Storage,"1,269.90",6,"7,619.40",558.72,352.52
Southern Asia,Asia Pacific,Corporate,Furniture,Bookcases,"3,274.02",9,"29,466.18",261.90,351.08
Central America,LATAM,Consumer,Technology,Phones,848.32,2,"1,696.64",110.28,351.07
Central US,USCA,Consumer,Office Supplies,Storage,94.20,6,565.20,23.55,12.42
Southern Europe,Europe,Consumer,Technology,Copiers,"2,847.36",8,"22,778.88",711.84,350.68
Southeastern Asia,Asia Pacific,Home Office,Furniture,Chairs,"1,725.75",5,"8,628.75",-483.30,350.68
Southeastern Asia,Asia Pacific,Consumer,Technology,Copiers,"1,479.31",6,"8,875.86",-63.65,350.31
Eastern US,USCA,Consumer,Furniture,Furnishings,22.51,3,67.53,2.25,5.83
Southeastern Asia,Asia Pacific,Consumer,Technology,Copiers,"1,282.23",9,"11,540.07",12.69,349.88
Central Africa,Africa,Consumer,Furniture,Bookcases,"2,478.60",6,"14,871.60",49.50,349.87
Eastern US,USCA,Consumer,Furniture,Furnishings,97.44,3,292.32,35.08,5.50
Eastern Asia,Asia Pacific,Corporate,Technology,Copiers,959.76,3,"2,879.28",460.62,348.48
Southern US,USCA,Consumer,Office Supplies,Art,34.65,3,103.95,10.40,4.99
Southeastern Asia,Asia Pacific,Home Office,Office Supplies,Appliances,"4,135.64",10,"41,356.40",847.04,348.08
Central America,LATAM,Consumer,Furniture,Bookcases,"2,325.28",8,"18,602.24",511.52,347.82
Oceania,Asia Pacific,Consumer,Furniture,Bookcases,"5,486.67",14,"76,813.38","2,316.51",346.60
Southern Europe,Europe,Home Office,Office Supplies,Storage,"1,523.66",8,"12,189.28",-50.98,345.81
Western Europe,Europe,Corporate,Technology,Phones,"1,625.24",3,"4,875.72",-76.57,345.78
Central US,USCA,Consumer,Office Supplies,Fasteners,28.40,5,142.00,13.35,4.46
Western Europe,Europe,Consumer,Office Supplies,Storage,734.94,4,"2,939.76",130.62,344.98
Western US,USCA,Consumer,Office Supplies,Appliances,13.97,1,13.97,3.63,2.16
Eastern Europe,Europe,Consumer,Furniture,Chairs,"1,391.52",8,"11,132.16",69.36,344.50
Central US,USCA,Consumer,Office Supplies,Envelopes,26.22,3,78.66,12.32,2.15
South America,LATAM,Consumer,Office Supplies,Appliances,"2,461.06",7,"17,227.42",566.02,343.81
Eastern US,USCA,Consumer,Office Supplies,Binders,36.56,5,182.80,12.80,2.02
Central US,USCA,Consumer,Office Supplies,Storage,18.94,3,56.82,-3.79,1.79
Southeastern Asia,Asia Pacific,Consumer,Technology,Machines,"1,226.19",7,"8,583.33",612.99,340.09
Oceania,Asia Pacific,Consumer,Furniture,Tables,"1,809.26",5,"9,046.30",-258.50,339.47
Oceania,Asia Pacific,Corporate,Technology,Accessories,"1,863.00",8,"14,904.00",393.24,339.06
Central US,USCA,Consumer,Office Supplies,Labels,6.00,2,12.00,2.10,1.46
Western Europe,Europe,Consumer,Office Supplies,Storage,"1,244.19",7,"8,709.33",-13.92,338.33
Western Europe,Europe,Consumer,Furniture,Tables,"2,364.10",4,"9,456.40",-218.30,338.10
Western Europe,Europe,Corporate,Technology,Copiers,"1,946.31",6,"11,677.86",114.45,337.93
Central US,USCA,Consumer,Office Supplies,Storage,12.67,3,38.01,-3.17,1.42
Western Europe,Europe,Corporate,Office Supplies,Appliances,"2,283.71",9,"20,553.39",-0.22,337.07
Central Africa,Africa,Consumer,Technology,Phones,"2,549.76",4,"10,199.04","1,172.88",336.65
Oceania,Asia Pacific,Home Office,Technology,Copiers,"3,299.56",14,"46,193.84",366.28,336.02
Western Europe,Europe,Consumer,Office Supplies,Appliances,"2,489.40",9,"22,404.60",273.78,335.95
Central US,USCA,Consumer,Office Supplies,Labels,5.04,2,10.08,1.76,1.35
Eastern US,USCA,Consumer,Office Supplies,Binders,3.44,2,6.88,-2.76,1.31
Western Europe,Europe,Home Office,Furniture,Bookcases,"1,189.24",9,"10,703.16",250.99,334.23
Central US,USCA,Consumer,Office Supplies,Binders,17.22,3,51.66,7.92,1.30
Central America,LATAM,Corporate,Furniture,Chairs,"1,269.60",4,"5,078.40",355.44,333.15
Southern Asia,Asia Pacific,Home Office,Technology,Phones,"3,499.16",11,"38,490.76","-3,009.44",333.10
Oceania,Asia Pacific,Consumer,Furniture,Tables,"2,993.03",5,"14,965.15",726.83,333.06
Western Europe,Europe,Home Office,Technology,Copiers,815.95,3,"2,447.85",287.92,333.02
Northern Europe,Europe,Consumer,Technology,Machines,"1,245.00",4,"4,980.00",161.76,332.96
Oceania,Asia Pacific,Consumer,Technology,Copiers,"1,027.73",8,"8,221.84",182.69,332.20
Oceania,Asia Pacific,Consumer,Technology,Copiers,"1,703.03",5,"8,515.15",737.93,332.14
Southeastern Asia,Asia Pacific,Consumer,Office Supplies,Storage,"1,803.08",11,"19,833.88",-130.39,332.13
Western Europe,Europe,Corporate,Furniture,Bookcases,676.49,5,"3,382.45",195.29,330.51
Southern Asia,Asia Pacific,Corporate,Furniture,Chairs,969.36,7,"6,785.52",348.81,330.01
Western Europe,Europe,Corporate,Furniture,Bookcases,"1,637.01",5,"8,185.05",90.81,329.73
South America,LATAM,Consumer,Technology,Copiers,"1,655.96",7,"11,591.72",13.20,329.58
Central America,LATAM,Corporate,Furniture,Chairs,976.96,4,"3,907.84",232.00,328.66
Eastern Asia,Asia Pacific,Corporate,Furniture,Bookcases,731.34,2,"1,462.68",175.50,328.35
Western Africa,Africa,Consumer,Office Supplies,Appliances,"1,239.00",4,"4,956.00",0.00,327.94
Southeastern Asia,Asia Pacific,Home Office,Furniture,Chairs,"1,680.61",5,"8,403.05",368.26,327.81
Southern Asia,Asia Pacific,Consumer,Furniture,Bookcases,"2,190.75",5,"10,953.75",65.70,327.55
Northern Europe,Europe,Consumer,Technology,Machines,935.17,4,"3,740.68",114.25,327.11
Western Europe,Europe,Consumer,Office Supplies,Storage,"1,026.96",8,"8,215.68",441.36,326.35
Southern Asia,Asia Pacific,Consumer,Technology,Phones,"2,550.00",4,"10,200.00",280.44,326.32
Southeastern Asia,Asia Pacific,Corporate,Technology,Phones,"2,667.54",5,"13,337.70",-417.81,326.27
Western Europe,Europe,Corporate,Technology,Copiers,"1,224.71",4,"4,898.84",-129.73,326.27
Western Europe,Europe,Consumer,Technology,Phones,"2,605.92",4,"10,423.68","1,042.32",326.05
Southern Asia,Asia Pacific,Consumer,Office Supplies,Storage,"2,962.68",14,"41,477.52",207.06,325.93
Southern Asia,Asia Pacific,Consumer,Furniture,Tables,"2,664.00",5,"13,320.00",905.70,325.54
Southern Europe,Europe,Consumer,Technology,Copiers,"1,513.56",4,"6,054.24",741.60,325.45
Northern Europe,Europe,Corporate,Furniture,Bookcases,"1,233.63",3,"3,700.89",234.36,325.32
Eastern Europe,Europe,Consumer,Furniture,Tables,855.15,1,855.15,384.81,325.04
Northern Europe,Europe,Consumer,Technology,Machines,956.34,4,"3,825.36",-95.70,324.98
Central US,USCA,Consumer,Office Supplies,Paper,17.34,3,52.02,8.50,1.24
Southern Europe,Europe,Consumer,Furniture,Chairs,"1,838.52",5,"9,192.60",160.77,324.09
Southern Asia,Asia Pacific,Home Office,Technology,Phones,"4,498.83",7,"31,491.81",674.73,323.75
Western Europe,Europe,Consumer,Technology,Phones,"1,824.14",8,"14,593.12","-1,303.06",321.54
Central America,LATAM,Consumer,Furniture,Bookcases,"2,344.00",8,"18,752.00",46.88,321.42
Eastern Asia,Asia Pacific,Consumer,Technology,Phones,"2,043.72",14,"28,612.08",756.00,321.36
Eastern Africa,Africa,Corporate,Office Supplies,Storage,856.80,14,"11,995.20",265.44,321.23
Central America,LATAM,Corporate,Office Supplies,Appliances,"2,509.36",7,"17,565.52",426.58,320.96
Oceania,Asia Pacific,Consumer,Furniture,Chairs,819.94,2,"1,639.88",191.32,320.92
Central America,LATAM,Consumer,Furniture,Tables,"2,797.25",6,"16,783.50",-0.07,320.38
South America,LATAM,Consumer,Office Supplies,Storage,"1,455.08",11,"16,005.88",261.80,320.29
Southeastern Asia,Asia Pacific,Corporate,Furniture,Bookcases,"2,189.09",6,"13,134.54",541.37,320.28
Southern Asia,Asia Pacific,Home Office,Furniture,Tables,"5,451.30",6,"32,707.80",327.06,320.27
Southern Asia,Asia Pacific,Corporate,Technology,Phones,"1,291.08",2,"2,582.16",296.94,319.58
Southern Asia,Asia Pacific,Corporate,Technology,Copiers,"1,526.52",4,"6,106.08",732.72,319.53
Eastern US,USCA,Consumer,Office Supplies,Binders,3.98,1,3.98,1.39,1.22
South America,LATAM,Home Office,Furniture,Chairs,"1,869.72",6,"11,218.32",205.56,318.17
Central America,LATAM,Consumer,Furniture,Bookcases,"1,815.24",7,"12,706.68",471.94,318.08
Southern Asia,Asia Pacific,Corporate,Technology,Copiers,959.76,3,"2,879.28",460.62,317.81
Central America,LATAM,Consumer,Technology,Phones,"3,045.84",7,"21,320.88","1,035.58",317.17
Central America,LATAM,Home Office,Technology,Phones,"2,125.00",5,"10,625.00",297.50,316.76
Central Africa,Africa,Consumer,Technology,Accessories,976.08,4,"3,904.32",292.80,316.66
Eastern Asia,Asia Pacific,Consumer,Technology,Copiers,"1,266.36",4,"5,065.44",265.92,316.59
Eastern US,USCA,Consumer,Office Supplies,Art,13.04,4,52.16,5.74,1.16
Eastern Africa,Africa,Home Office,Furniture,Tables,"2,134.44",4,"8,537.76",682.92,315.57
Western Europe,Europe,Corporate,Technology,Copiers,"4,748.44",14,"66,478.16",844.12,315.29
Southern Africa,Africa,Corporate,Technology,Machines,"1,867.50",6,"11,205.00",242.64,314.81
Eastern Asia,Asia Pacific,Home Office,Furniture,Chairs,"1,001.70",6,"6,010.20",250.38,314.70
Central US,USCA,Consumer,Office Supplies,Binders,1.91,3,5.73,-3.24,1.11
Central US,USCA,Consumer,Office Supplies,Binders,"9,892.74",13,"128,605.62","4,946.37",498.70
Eastern Asia,Asia Pacific,Home Office,Office Supplies,Appliances,"4,306.32",8,"34,450.56","1,722.48",314.15
Eastern Asia,Asia Pacific,Home Office,Office Supplies,Appliances,899.55,3,"2,698.65",323.82,313.71
Southern Asia,Asia Pacific,Home Office,Technology,Copiers,763.92,4,"3,055.68",381.96,313.66
Western Europe,Europe,Consumer,Technology,Phones,"2,544.24",4,"10,176.96","1,093.92",313.58
Oceania,Asia Pacific,Consumer,Furniture,Chairs,"1,136.66",4,"4,546.64",-189.46,313.52
Eastern Asia,Asia Pacific,Corporate,Furniture,Chairs,"2,301.00",5,"11,505.00",91.95,313.45
Central Africa,Africa,Consumer,Technology,Phones,"3,908.88",6,"23,453.28","1,563.48",313.31
Central US,USCA,Consumer,Technology,Phones,470.38,3,"1,411.14",52.92,137.41
Southern US,USCA,Consumer,Furniture,Furnishings,821.88,6,"4,931.28",213.69,83.56
Southern Asia,Asia Pacific,Consumer,Office Supplies,Appliances,"2,249.16",4,"8,996.64",224.88,311.14
Central America,LATAM,Corporate,Office Supplies,Appliances,"2,528.26",7,"17,697.82",176.96,310.75
Western Europe,Europe,Consumer,Furniture,Tables,"1,461.14",5,"7,305.70",202.19,310.17
Central America,LATAM,Consumer,Technology,Phones,"3,045.84",7,"21,320.88","1,035.58",309.75
Central US,USCA,Consumer,Office Supplies,Binders,"1,103.97",3,"3,311.91",496.79,63.82
Western US,USCA,Consumer,Technology,Phones,344.70,2,689.40,38.78,48.59
Southeastern Asia,Asia Pacific,Consumer,Furniture,Bookcases,"2,152.96",8,"17,223.68",198.64,309.11
Western Europe,Europe,Consumer,Technology,Accessories,"1,244.10",5,"6,220.50",447.75,309.00
Central America,LATAM,Corporate,Furniture,Chairs,"2,226.82",9,"20,041.38",500.98,308.66
Oceania,Asia Pacific,Consumer,Furniture,Bookcases,"1,586.41",4,"6,345.64",17.53,307.98
Western US,USCA,Consumer,Furniture,Tables,393.17,3,"1,179.51",-204.45,22.10
Western Asia,Asia Pacific,Consumer,Office Supplies,Appliances,"3,425.40",6,"20,552.40","1,233.00",307.83
Southern Europe,Europe,Corporate,Office Supplies,Appliances,"1,136.94",2,"2,273.88",568.44,307.43
Southeastern Asia,Asia Pacific,Corporate,Furniture,Bookcases,677.64,2,"1,355.28",211.26,307.25
Southern Asia,Asia Pacific,Home Office,Furniture,Bookcases,731.34,2,"1,462.68",80.40,305.98
Central US,USCA,Consumer,Technology,Machines,287.91,3,863.73,33.59,18.31
Southern Asia,Asia Pacific,Consumer,Technology,Copiers,"1,272.72",4,"5,090.88",534.48,305.27
Southern Europe,Europe,Consumer,Office Supplies,Appliances,"1,856.34",6,"11,138.04",909.54,305.25
Southern Europe,Europe,Corporate,Technology,Phones,"2,295.00",4,"9,180.00",459.00,305.20
Western Europe,Europe,Corporate,Technology,Phones,"1,622.18",3,"4,866.54",324.38,305.16
Eastern Asia,Asia Pacific,Consumer,Technology,Phones,"1,063.44",7,"7,444.08",361.41,304.95
Eastern Europe,Europe,Corporate,Technology,Accessories,"3,449.88",14,"48,298.32",275.94,304.75
Central America,LATAM,Home Office,Furniture,Bookcases,585.46,3,"1,756.38",-0.02,304.53
Western Africa,Africa,Consumer,Technology,Copiers,"1,429.44",4,"5,717.76",471.60,304.50
Southern Africa,Africa,Corporate,Furniture,Tables,"1,057.80",2,"2,115.60",158.64,304.36
Eastern Asia,Asia Pacific,Corporate,Furniture,Bookcases,"1,092.96",3,"3,278.88",393.39,304.16
Caribbean,LATAM,Consumer,Furniture,Tables,"1,483.00",5,"7,415.00",741.50,303.65
South America,LATAM,Home Office,Office Supplies,Appliances,"1,792.40",5,"8,962.00",304.70,303.63
Western Europe,Europe,Corporate,Furniture,Bookcases,"2,455.68",7,"17,189.76",-191.16,303.59
Western Asia,Asia Pacific,Consumer,Technology,Copiers,"1,900.44",6,"11,402.64",417.96,303.45
Southeastern Asia,Asia Pacific,Consumer,Technology,Phones,"3,712.59",7,"25,988.13",849.87,302.99
Southern Asia,Asia Pacific,Home Office,Technology,Copiers,"2,372.22",9,"21,349.98",0.00,302.82
Eastern Asia,Asia Pacific,Home Office,Technology,Phones,"5,725.35",9,"51,528.15","1,602.99",302.61
Southern Europe,Europe,Consumer,Furniture,Bookcases,"2,553.18",7,"17,872.26",842.52,302.55
Central America,LATAM,Corporate,Office Supplies,Appliances,"2,003.52",6,"12,021.12",861.48,302.48
Eastern Europe,Europe,Consumer,Technology,Copiers,"1,188.36",4,"4,753.44",95.04,302.14
Oceania,Asia Pacific,Home Office,Technology,Phones,"2,875.10",5,"14,375.50",511.10,302.01
Western Europe,Europe,Consumer,Furniture,Chairs,"2,380.50",5,"11,902.50",952.20,301.73
Southern Europe,Europe,Corporate,Technology,Machines,"1,619.10",10,"16,191.00",258.90,301.73
Southeastern Asia,Asia Pacific,Corporate,Office Supplies,Appliances,"2,821.72",6,"16,930.32",339.88,301.26
Southeastern Asia,Asia Pacific,Corporate,Technology,Copiers,"2,991.10",9,"26,919.90",-128.75,300.60
Southeastern Asia,Asia Pacific,Consumer,Office Supplies,Appliances,"1,798.68",4,"7,194.72",86.64,300.50
Eastern Europe,Europe,Consumer,Technology,Phones,"2,544.84",4,"10,179.36",712.44,299.40
Eastern Asia,Asia Pacific,Home Office,Furniture,Chairs,951.72,2,"1,903.44",228.36,299.12
Southern Asia,Asia Pacific,Consumer,Technology,Phones,"2,575.92",4,"10,303.68",978.84,298.83
Northern Europe,Europe,Consumer,Office Supplies,Appliances,"1,699.83",3,"5,099.49",84.96,298.77
Oceania,Asia Pacific,Home Office,Furniture,Bookcases,"2,634.55",8,"21,076.40",116.95,298.63
Southeastern Asia,Asia Pacific,Corporate,Furniture,Bookcases,"3,707.35",11,"40,780.85","1,554.43",298.44
Southern Asia,Asia Pacific,Consumer,Furniture,Tables,"4,298.85",5,"21,494.25",300.90,297.81
Eastern Asia,Asia Pacific,Corporate,Office Supplies,Appliances,"3,417.48",6,"20,504.88",854.28,297.20
Southern Europe,Europe,Consumer,Office Supplies,Appliances,"2,080.32",4,"8,321.28",561.60,296.98
Southern Asia,Asia Pacific,Corporate,Technology,Phones,840.60,5,"4,203.00",319.35,296.68
Western US,USCA,Consumer,Technology,Phones,471.92,2,943.84,29.50,16.71
Central Africa,Africa,Home Office,Office Supplies,Storage,"1,288.80",10,"12,888.00",90.00,296.08
Oceania,Asia Pacific,Home Office,Furniture,Bookcases,660.69,5,"3,303.45",44.04,296.01
Southern Europe,Europe,Corporate,Office Supplies,Appliances,"3,234.24",6,"19,405.44",970.20,295.74
South America,LATAM,Consumer,Technology,Phones,"2,171.30",5,"10,856.50",390.80,294.97
Oceania,Asia Pacific,Consumer,Technology,Accessories,"2,074.73",9,"18,672.57",276.53,294.73
Central America,LATAM,Consumer,Technology,Phones,849.80,2,"1,699.60",195.44,294.57
Oceania,Asia Pacific,Home Office,Furniture,Bookcases,"1,177.17",3,"3,531.51",353.13,294.55
Central US,USCA,Consumer,Office Supplies,Storage,177.65,2,355.30,-28.87,14.93
Western US,USCA,Consumer,Technology,Accessories,89.58,2,179.16,4.48,12.35
Southern Asia,Asia Pacific,Corporate,Technology,Phones,"2,863.08",9,"25,767.72",-458.19,293.78
Western Europe,Europe,Home Office,Office Supplies,Appliances,"1,253.07",5,"6,265.35",236.67,293.46
Southern Asia,Asia Pacific,Home Office,Office Supplies,Appliances,"3,369.24",6,"20,215.44",606.42,293.12
Southern Africa,Africa,Consumer,Technology,Accessories,"1,464.12",6,"8,784.72",439.20,293.07
Western Europe,Europe,Consumer,Furniture,Bookcases,"1,273.13",7,"8,911.91",-993.20,291.93
Canada,USCA,Consumer,Office Supplies,Art,29.94,2,59.88,10.74,5.81
Central America,LATAM,Corporate,Technology,Copiers,"1,258.78",5,"6,293.90",375.78,291.63
Southern Asia,Asia Pacific,Consumer,Furniture,Chairs,"2,584.01",7,"18,088.07",290.60,291.06
Southeastern Asia,Asia Pacific,Consumer,Technology,Copiers,"1,482.39",6,"8,894.34",68.31,290.69
Central America,LATAM,Consumer,Technology,Phones,"1,274.70",3,"3,824.10",293.16,290.52
Central US,USCA,Consumer,Office Supplies,Storage,84.78,2,169.56,-16.96,5.80
Caribbean,LATAM,Consumer,Furniture,Chairs,"2,818.08",9,"25,362.72",225.36,289.52
Southeastern Asia,Asia Pacific,Consumer,Furniture,Chairs,"1,046.25",3,"3,138.75",-111.60,289.32
Southern Asia,Asia Pacific,Consumer,Technology,Phones,"3,187.20",5,"15,936.00",541.80,289.17
Oceania,Asia Pacific,Corporate,Furniture,Chairs,"4,099.68",10,"40,996.80",956.58,288.98
Eastern Asia,Asia Pacific,Consumer,Office Supplies,Storage,703.35,5,"3,516.75",260.10,288.75
Oceania,Asia Pacific,Corporate,Technology,Copiers,"2,293.49",8,"18,347.92",509.57,288.63
Western Europe,Europe,Corporate,Technology,Machines,"1,238.61",9,"11,147.49",14.43,288.47
Central America,LATAM,Consumer,Furniture,Chairs,"1,715.06",7,"12,005.42",300.08,288.10
Central US,USCA,Consumer,Technology,Accessories,39.82,3,119.46,7.47,5.70
Oceania,Asia Pacific,Consumer,Furniture,Chairs,"2,841.66",6,"17,049.96",852.48,287.24
Southern Europe,Europe,Corporate,Office Supplies,Appliances,"3,399.66",12,"40,795.92","-3,059.82",286.87
Southern Asia,Asia Pacific,Corporate,Technology,Machines,"1,607.76",6,"9,646.56",482.22,286.74
Southern Asia,Asia Pacific,Corporate,Technology,Phones,840.15,5,"4,200.75",260.40,286.67
Eastern Asia,Asia Pacific,Consumer,Furniture,Bookcases,"1,236.33",3,"3,708.99",519.21,286.57
Southern Asia,Asia Pacific,Consumer,Office Supplies,Appliances,"2,488.56",8,"19,908.48",348.24,286.53
Caribbean,LATAM,Home Office,Office Supplies,Appliances,"1,124.26",7,"7,869.82",252.90,286.46
Central US,USCA,Consumer,Furniture,Furnishings,64.96,5,324.80,-84.45,4.42
Central America,LATAM,Corporate,Furniture,Tables,726.72,3,"2,180.16",-18.18,286.37
Eastern US,USCA,Consumer,Office Supplies,Storage,117.96,2,235.92,5.90,4.17
Eastern Africa,Africa,Home Office,Technology,Machines,"1,519.92",6,"9,119.52",653.40,286.20
Eastern Europe,Europe,Corporate,Technology,Copiers,"1,279.32",4,"5,117.28",319.80,286.19
Southern Asia,Asia Pacific,Consumer,Furniture,Chairs,723.30,5,"3,616.50",122.85,286.01
Southern Asia,Asia Pacific,Home Office,Technology,Phones,642.69,1,642.69,244.20,285.83
Oceania,Asia Pacific,Consumer,Furniture,Bookcases,"2,619.00",8,"20,952.00",232.68,285.65
Southern Asia,Asia Pacific,Consumer,Office Supplies,Appliances,"1,704.87",6,"10,229.22","-1,023.03",285.61
Southern Europe,Europe,Consumer,Technology,Copiers,"1,715.91",7,"12,011.37",583.38,285.12
Eastern Asia,Asia Pacific,Consumer,Technology,Phones,"1,278.00",2,"2,556.00",460.08,284.81
North Africa,Africa,Corporate,Office Supplies,Appliances,"1,234.56",4,"4,938.24",246.84,284.70
Western Europe,Europe,Consumer,Office Supplies,Appliances,"4,195.20",8,"33,561.60",839.04,284.51
Western Europe,Europe,Consumer,Furniture,Bookcases,"1,765.40",5,"8,827.00",-98.21,284.19
South America,LATAM,Consumer,Furniture,Tables,"1,480.37",3,"4,441.11",333.05,283.93
Central America,LATAM,Corporate,Technology,Phones,"2,968.98",7,"20,782.86",89.04,283.69
Oceania,Asia Pacific,Corporate,Furniture,Tables,"2,301.14",7,"16,107.98",-953.44,283.36
Western Europe,Europe,Corporate,Furniture,Bookcases,"1,100.52",3,"3,301.56",352.08,283.25
Eastern Asia,Asia Pacific,Corporate,Technology,Copiers,"2,518.95",7,"17,632.65",553.98,283.09
Northern Europe,Europe,Corporate,Furniture,Bookcases,996.30,5,"4,981.50",119.55,282.58
Western US,USCA,Consumer,Office Supplies,Binders,18.18,4,72.72,-13.94,3.26
Western Europe,Europe,Consumer,Furniture,Tables,922.95,1,922.95,341.49,282.09
Western Europe,Europe,Corporate,Furniture,Bookcases,"1,850.45",5,"9,252.25",185.00,281.82
Central America,LATAM,Consumer,Furniture,Bookcases,664.56,6,"3,987.36",6.60,281.74
Western Europe,Europe,Consumer,Technology,Accessories,"1,547.10",6,"9,282.60",340.20,280.54
Southeastern Asia,Asia Pacific,Home Office,Office Supplies,Appliances,"2,190.95",5,"10,954.75",316.70,280.47
Central America,LATAM,Consumer,Office Supplies,Appliances,"3,242.88",9,"29,185.92",324.18,279.53
North Africa,Africa,Consumer,Technology,Phones,"2,544.60",4,"10,178.40","1,246.80",279.11
Eastern Europe,Europe,Consumer,Technology,Phones,"2,605.56",4,"10,422.24",573.12,278.98
Southern Europe,Europe,Consumer,Office Supplies,Storage,"1,271.46",11,"13,986.06",-127.41,278.75
Canada,USCA,Consumer,Office Supplies,Art,34.02,2,68.04,14.28,2.83
Western Asia,Asia Pacific,Consumer,Technology,Machines,"1,207.56",4,"4,830.24",0.00,278.34
Southeastern Asia,Asia Pacific,Consumer,Furniture,Bookcases,"2,051.10",5,"10,255.50",40.95,278.13
Central America,LATAM,Consumer,Technology,Phones,"2,544.24",6,"15,265.44",992.16,277.93
Central US,USCA,Consumer,Office Supplies,Art,23.64,3,70.92,5.32,2.04
Northern Europe,Europe,Home Office,Furniture,Bookcases,"1,314.45",3,"3,943.35",341.73,277.29
Western US,USCA,Consumer,Office Supplies,Storage,12.62,2,25.24,-2.52,1.94
South America,LATAM,Corporate,Furniture,Tables,980.32,2,"1,960.64",110.28,276.71
Southern US,USCA,Consumer,Office Supplies,Binders,21.96,2,43.92,10.76,1.60
Eastern Asia,Asia Pacific,Consumer,Furniture,Bookcases,"2,470.50",6,"14,823.00",518.76,276.29
Central US,USCA,Consumer,Office Supplies,Binders,32.06,10,320.60,-51.30,1.59
Oceania,Asia Pacific,Home Office,Furniture,Bookcases,877.02,2,"1,754.04",105.24,275.91
Central US,USCA,Consumer,Office Supplies,Labels,3.69,1,3.69,1.73,1.39
Oceania,Asia Pacific,Home Office,Technology,Copiers,"1,917.36",6,"11,504.16",747.72,275.57
Eastern Asia,Asia Pacific,Home Office,Technology,Machines,"2,173.50",7,"15,214.50",260.82,275.52
Western US,USCA,Home Office,Furniture,Tables,377.45,5,"1,887.25",-264.22,55.53
Western US,USCA,Home Office,Office Supplies,Paper,195.76,4,783.04,97.88,34.03
Southern Europe,Europe,Consumer,Furniture,Bookcases,"1,814.25",5,"9,071.25",653.10,274.63
Northern Europe,Europe,Consumer,Office Supplies,Appliances,"1,293.68",5,"6,468.40",-776.33,274.58
Southern Europe,Europe,Corporate,Office Supplies,Appliances,"2,477.55",5,"12,387.75","1,040.55",273.88
Western US,USCA,Home Office,Furniture,Chairs,259.14,4,"1,036.56",-25.91,31.15
Southern Asia,Asia Pacific,Corporate,Technology,Copiers,723.30,2,"1,446.60",332.70,273.63
Southern Europe,Europe,Consumer,Technology,Copiers,"2,097.12",8,"16,776.96",188.64,273.57
Western US,USCA,Home Office,Office Supplies,Paper,244.55,5,"1,222.75",114.94,25.05
Eastern Asia,Asia Pacific,Consumer,Office Supplies,Appliances,"3,242.88",6,"19,457.28",421.56,271.59
Central US,USCA,Home Office,Office Supplies,Paper,163.96,5,819.80,59.44,17.38
Southern US,USCA,Home Office,Technology,Accessories,98.16,6,588.96,9.82,13.93
Southern Europe,Europe,Corporate,Furniture,Bookcases,597.36,4,"2,389.44",226.92,271.01
Eastern Europe,Europe,Corporate,Office Supplies,Appliances,"3,955.14",14,"55,371.96","1,383.90",270.65
Southeastern Asia,Asia Pacific,Consumer,Furniture,Bookcases,796.82,6,"4,780.92",231.26,270.56
Western Europe,Europe,Consumer,Technology,Accessories,"2,305.26",9,"20,747.34",922.05,270.26
Central America,LATAM,Consumer,Furniture,Tables,"2,833.76",10,"28,337.60",35.36,269.94
Southern Asia,Asia Pacific,Corporate,Office Supplies,Appliances,"2,077.32",4,"8,309.28",581.64,269.89
Caribbean,LATAM,Consumer,Furniture,Bookcases,"1,916.88",7,"13,418.16",939.26,269.76
Central America,LATAM,Corporate,Furniture,Bookcases,"1,212.50",5,"6,062.50",606.20,269.53
Southern US,USCA,Home Office,Office Supplies,Binders,102.93,3,308.79,48.38,10.69
Western Europe,Europe,Consumer,Technology,Phones,"1,622.57",3,"4,867.71",133.61,268.19
Oceania,Asia Pacific,Home Office,Technology,Copiers,856.44,6,"5,138.64",222.66,268.13
Western US,USCA,Home Office,Office Supplies,Binders,45.24,4,180.96,-30.16,7.16
Western Europe,Europe,Corporate,Furniture,Bookcases,"1,361.04",9,"12,249.36",196.53,268.04
Eastern Asia,Asia Pacific,Corporate,Technology,Copiers,"3,391.74",9,"30,525.66",271.08,267.93
Caribbean,LATAM,Consumer,Technology,Phones,"2,375.30",7,"16,627.10",-207.84,267.78
Southern Africa,Africa,Corporate,Furniture,Bookcases,889.02,6,"5,334.12",320.04,267.64
Eastern Europe,Europe,Consumer,Furniture,Tables,"1,782.48",4,"7,129.92",873.36,266.40
Western Europe,Europe,Consumer,Technology,Copiers,667.77,3,"2,003.31",274.92,266.02
Oceania,Asia Pacific,Consumer,Technology,Copiers,"1,612.85",5,"8,064.25",394.25,266.00
Southern Europe,Europe,Home Office,Office Supplies,Storage,845.21,7,"5,916.47",-9.49,265.85
Southern Asia,Asia Pacific,Consumer,Office Supplies,Appliances,"2,799.63",9,"25,196.67",391.77,265.46
Southeastern Asia,Asia Pacific,Home Office,Office Supplies,Appliances,"1,549.13",6,"9,294.78",-56.11,265.14
Central America,LATAM,Corporate,Technology,Phones,"1,696.40",4,"6,785.60",67.84,264.89
Central America,LATAM,Corporate,Office Supplies,Appliances,935.50,5,"4,677.50",168.30,264.43
Western Europe,Europe,Corporate,Technology,Machines,"2,036.81",9,"18,331.29",359.30,263.82
Western Europe,Europe,Corporate,Technology,Accessories,980.52,4,"3,922.08",176.40,263.71
Western US,USCA,Home Office,Office Supplies,Art,18.69,4,74.76,2.34,4.12
Western Europe,Europe,Consumer,Technology,Copiers,"1,654.64",8,"13,237.12",681.20,263.47
Southeastern Asia,Asia Pacific,Consumer,Furniture,Chairs,"2,063.77",6,"12,382.62",141.19,263.01
North Africa,Africa,Corporate,Technology,Phones,"1,457.28",8,"11,658.24",568.32,262.66
Eastern Asia,Asia Pacific,Consumer,Technology,Copiers,"1,693.23",7,"11,852.61",829.50,262.52
Western US,USCA,Home Office,Technology,Phones,28.68,3,86.04,-7.17,3.10
South America,LATAM,Consumer,Furniture,Tables,"1,411.20",6,"8,467.20",405.72,262.11
Western Europe,Europe,Consumer,Office Supplies,Appliances,"2,039.80",4,"8,159.20",-113.36,262.11
Eastern Asia,Asia Pacific,Consumer,Technology,Phones,"5,737.50",9,"51,637.50",630.99,261.87
Oceania,Asia Pacific,Consumer,Technology,Copiers,"1,641.09",7,"11,487.63",473.91,261.52
Caribbean,LATAM,Home Office,Furniture,Bookcases,"1,380.90",5,"6,904.50",303.70,261.26
Southern Asia,Asia Pacific,Consumer,Technology,Phones,"1,917.00",3,"5,751.00",690.12,261.08
Oceania,Asia Pacific,Consumer,Furniture,Bookcases,823.50,2,"1,647.00",172.92,260.60
Western US,USCA,Home Office,Technology,Accessories,112.78,3,338.34,-8.46,2.56
Eastern Asia,Asia Pacific,Consumer,Technology,Phones,"3,180.75",5,"15,903.75","1,081.35",260.29
Western Europe,Europe,Corporate,Technology,Machines,"2,910.19",11,"32,012.09",-68.72,259.97
Western US,USCA,Home Office,Office Supplies,Labels,15.94,4,63.76,5.18,2.36
Central US,USCA,Home Office,Office Supplies,Binders,5.23,4,20.92,-8.11,1.74
Eastern Asia,Asia Pacific,Consumer,Technology,Phones,910.35,5,"4,551.75",391.35,259.57
Northern Europe,Europe,Home Office,Furniture,Tables,856.68,2,"1,713.36",274.08,259.34
Central America,LATAM,Corporate,Furniture,Chairs,"1,731.07",7,"12,117.49",-238.03,259.25
Southern Europe,Europe,Home Office,Technology,Phones,"1,330.99",12,"15,971.88",-103.61,259.12
Western US,USCA,Home Office,Office Supplies,Paper,11.65,2,23.30,3.79,1.52
Caribbean,LATAM,Corporate,Technology,Accessories,"1,914.08",14,"26,797.12",669.76,258.96
South America,LATAM,Home Office,Technology,Phones,"3,393.12",8,"27,144.96",101.76,258.84
Central US,USCA,Home Office,Technology,Accessories,50.12,7,350.84,-0.63,1.34
Eastern Asia,Asia Pacific,Consumer,Technology,Copiers,"1,446.60",4,"5,786.40",665.40,258.02
Eastern Asia,Asia Pacific,Consumer,Furniture,Chairs,"3,272.01",7,"22,904.07","1,537.83",257.63
Southeastern Asia,Asia Pacific,Home Office,Office Supplies,Appliances,"3,386.86",7,"23,708.02",-597.68,257.24
Oceania,Asia Pacific,Corporate,Office Supplies,Appliances,"2,498.53",9,"22,486.77",499.45,257.16
Southern Europe,Europe,Corporate,Technology,Phones,728.53,7,"5,099.71",-133.73,257.16
Western Asia,Asia Pacific,Consumer,Technology,Phones,"2,575.92",4,"10,303.68",772.68,256.87
Southern Europe,Europe,Consumer,Furniture,Bookcases,"2,546.46",7,"17,825.22",381.78,256.70
Eastern Asia,Asia Pacific,Consumer,Furniture,Bookcases,"2,888.76",7,"20,221.32",173.25,256.64
Southeastern Asia,Asia Pacific,Home Office,Technology,Accessories,"1,031.40",4,"4,125.60",185.64,256.26
Northern Europe,Europe,Consumer,Technology,Phones,"1,237.44",8,"9,899.52",74.16,255.92
Central Africa,Africa,Consumer,Technology,Machines,"1,018.32",4,"4,073.28",183.24,255.69
Southern Europe,Europe,Consumer,Office Supplies,Supplies,600.60,13,"7,807.80",131.82,255.57
Western Europe,Europe,Consumer,Furniture,Bookcases,"2,756.94",7,"19,298.58","1,163.88",255.56
Oceania,Asia Pacific,Corporate,Office Supplies,Appliances,"1,534.87",3,"4,604.61",-102.41,255.42
Oceania,Asia Pacific,Home Office,Technology,Phones,"6,439.80",10,"64,398.00","2,447.10",255.36
Southeastern Asia,Asia Pacific,Consumer,Technology,Copiers,"1,781.14",8,"14,249.12",-134.06,255.36
South America,LATAM,Consumer,Technology,Phones,"1,363.20",8,"10,905.60","-1,806.24",255.17
Northern Europe,Europe,Consumer,Furniture,Chairs,"3,315.27",7,"23,206.89",961.38,254.92
Central US,USCA,Home Office,Office Supplies,Art,5.25,2,10.50,0.59,1.26
Western Europe,Europe,Corporate,Technology,Machines,"2,123.03",8,"16,984.24",124.79,254.54
Western Europe,Europe,Home Office,Technology,Copiers,"2,478.84",7,"17,351.88",272.58,254.47
Oceania,Asia Pacific,Consumer,Office Supplies,Appliances,"1,894.54",4,"7,578.16",505.18,254.37
Eastern US,USCA,Home Office,Office Supplies,Binders,41.28,6,247.68,13.93,7.14
Canada,USCA,Home Office,Office Supplies,Storage,187.02,6,"1,122.12",26.10,6.96
Eastern Asia,Asia Pacific,Consumer,Technology,Copiers,"1,317.90",5,"6,589.50",0.00,253.95
Western Europe,Europe,Home Office,Technology,Copiers,"1,350.09",7,"9,450.63",256.41,253.73
Eastern Asia,Asia Pacific,Corporate,Technology,Machines,"1,839.18",7,"12,874.26",238.98,253.50
Eastern US,USCA,Home Office,Office Supplies,Paper,13.36,2,26.72,6.41,2.31
Northern Europe,Europe,Consumer,Technology,Phones,"1,908.18",3,"5,724.54",820.44,253.26
South America,LATAM,Corporate,Technology,Copiers,"1,264.47",5,"6,322.35",301.47,253.25
Western US,USCA,Home Office,Furniture,Furnishings,4.18,1,4.18,1.50,1.18
Western Europe,Europe,Consumer,Technology,Phones,965.16,7,"6,756.12",463.26,253.09
Western Europe,Europe,Consumer,Office Supplies,Storage,748.12,4,"2,992.48",282.52,253.03
Western Europe,Europe,Consumer,Furniture,Bookcases,943.87,7,"6,607.09",209.71,252.90
Eastern Asia,Asia Pacific,Corporate,Furniture,Bookcases,"1,447.44",4,"5,789.76",43.32,252.36
Southern Europe,Europe,Corporate,Technology,Accessories,"1,552.50",6,"9,315.00",62.10,252.17
Eastern US,USCA,Consumer,Technology,Accessories,479.97,3,"1,439.91",177.59,55.01
Eastern US,USCA,Consumer,Office Supplies,Paper,97.82,2,195.64,45.98,10.13
Eastern US,USCA,Consumer,Office Supplies,Art,59.52,3,178.56,15.48,8.02
South America,LATAM,Consumer,Furniture,Chairs,919.26,3,"2,757.78",266.58,251.57
Central America,LATAM,Corporate,Technology,Phones,"3,045.84",7,"21,320.88","1,035.58",251.05
Oceania,Asia Pacific,Home Office,Technology,Phones,766.87,2,"1,533.74",114.97,250.36
North Africa,Africa,Consumer,Furniture,Tables,"2,880.18",6,"17,281.08",115.20,250.06
South America,LATAM,Consumer,Office Supplies,Appliances,"1,403.36",4,"5,613.44",449.04,250.03
Caribbean,LATAM,Consumer,Office Supplies,Appliances,"1,819.10",6,"10,914.60",500.18,249.64
Eastern US,USCA,Consumer,Office Supplies,Binders,49.63,6,297.78,16.75,7.52
Eastern Asia,Asia Pacific,Home Office,Furniture,Tables,"2,018.33",9,"18,164.97",-576.91,248.91
Southern Asia,Asia Pacific,Corporate,Furniture,Bookcases,"2,065.50",5,"10,327.50",41.25,248.81
Eastern Asia,Asia Pacific,Consumer,Technology,Copiers,"1,274.16",4,"5,096.64",382.20,248.59
Southern Asia,Asia Pacific,Consumer,Furniture,Bookcases,"2,485.62",6,"14,913.72",795.24,248.41
Northern Europe,Europe,Consumer,Office Supplies,Appliances,"1,560.24",3,"4,680.72",421.20,247.99
Eastern Asia,Asia Pacific,Consumer,Technology,Phones,"3,271.20",5,"16,356.00","1,341.15",247.70
Central America,LATAM,Consumer,Furniture,Chairs,751.49,3,"2,254.47",-112.75,246.73
Central America,LATAM,Consumer,Technology,Phones,"2,120.80",5,"10,604.00",275.70,246.39
Western Europe,Europe,Corporate,Technology,Machines,"2,102.83",8,"16,822.64",321.55,246.17
Western Europe,Europe,Corporate,Technology,Machines,820.49,8,"6,563.92",183.29,246.09
Eastern US,USCA,Consumer,Technology,Accessories,91.96,4,367.84,39.54,6.44
Eastern Africa,Africa,Corporate,Office Supplies,Appliances,553.44,8,"4,427.52",16.56,246.05
Oceania,Asia Pacific,Consumer,Technology,Copiers,"1,718.17",6,"10,309.02",610.81,246.05
Western Europe,Europe,Corporate,Furniture,Tables,"2,794.25",5,"13,971.25",515.75,245.86
Western Europe,Europe,Consumer,Furniture,Chairs,"1,242.54",3,"3,727.62",345.15,245.83
Central US,USCA,Consumer,Office Supplies,Art,99.14,4,396.56,8.67,4.31
Eastern Asia,Asia Pacific,Consumer,Technology,Phones,"1,274.70",2,"2,549.40",165.66,245.57
North Africa,Africa,Corporate,Technology,Accessories,"1,553.76",6,"9,322.56",730.26,245.57
Central America,LATAM,Consumer,Furniture,Tables,"2,205.57",8,"17,644.56",689.09,245.07
Central US,USCA,Consumer,Office Supplies,Paper,15.55,3,46.65,5.44,3.66
Western Europe,Europe,Corporate,Technology,Phones,"3,227.70",5,"16,138.50",742.35,244.67
Southern Asia,Asia Pacific,Home Office,Furniture,Chairs,"1,395.00",3,"4,185.00",237.15,244.50
Western Europe,Europe,Consumer,Furniture,Tables,"2,291.84",7,"16,042.88","-1,128.44",244.30
Central Africa,Africa,Consumer,Furniture,Bookcases,"1,660.80",4,"6,643.20",83.04,244.07
Eastern Asia,Asia Pacific,Corporate,Furniture,Tables,"2,436.67",4,"9,746.68",-487.37,244.03
Eastern US,USCA,Consumer,Office Supplies,Supplies,18.62,2,37.24,5.40,1.91
Eastern Europe,Europe,Corporate,Furniture,Chairs,954.60,10,"9,546.00",152.70,243.85
Central America,LATAM,Consumer,Office Supplies,Appliances,"1,903.00",5,"9,515.00",57.00,243.79
Central US,USCA,Consumer,Office Supplies,Paper,16.90,4,67.60,5.28,1.85
Northern Europe,Europe,Corporate,Technology,Copiers,"1,590.90",5,"7,954.50",508.95,243.57
Western Asia,Asia Pacific,Consumer,Furniture,Bookcases,"1,467.36",4,"5,869.44",469.44,243.14
Southeastern Asia,Asia Pacific,Corporate,Furniture,Bookcases,"1,091.28",3,"3,273.84",46.92,243.11
Central America,LATAM,Home Office,Technology,Copiers,"2,014.36",8,"16,114.88",419.80,243.06
Central Africa,Africa,Consumer,Furniture,Tables,"3,877.68",8,"31,021.44",930.48,242.90
Central US,USCA,Consumer,Office Supplies,Supplies,6.67,1,6.67,0.50,1.74
Central US,USCA,Consumer,Furniture,Furnishings,15.99,2,31.98,-13.99,1.54
Oceania,Asia Pacific,Corporate,Technology,Phones,"2,863.35",5,"14,316.75",858.90,242.57
Southeastern Asia,Asia Pacific,Home Office,Furniture,Chairs,"2,841.66",8,"22,733.28",189.42,242.38
Western Europe,Europe,Corporate,Technology,Machines,765.46,3,"2,296.38",-36.08,242.18
Oceania,Asia Pacific,Corporate,Office Supplies,Appliances,"1,887.84",4,"7,551.36",0.00,241.89
Central US,USCA,Consumer,Office Supplies,Paper,14.94,3,44.82,7.02,1.52
Canada,USCA,Consumer,Office Supplies,Art,410.88,8,"3,287.04",78.00,59.79
Caribbean,LATAM,Consumer,Office Supplies,Appliances,"1,801.60",5,"9,008.00",180.10,241.54
Western Europe,Europe,Corporate,Technology,Phones,779.28,5,"3,896.40",-0.12,241.34
North Africa,Africa,Consumer,Technology,Machines,613.26,2,"1,226.52",202.32,241.33
Western US,USCA,Consumer,Technology,Accessories,166.24,1,166.24,24.94,17.40
Oceania,Asia Pacific,Home Office,Furniture,Chairs,"1,837.56",4,"7,350.24",275.52,240.32
Southern Europe,Europe,Consumer,Office Supplies,Appliances,"3,979.29",7,"27,855.03","1,989.54",240.17
Western US,USCA,Consumer,Office Supplies,Storage,304.23,3,912.69,9.13,11.27
Central America,LATAM,Consumer,Technology,Copiers,"1,198.30",5,"5,991.50",165.60,240.09
Southern US,USCA,Consumer,Office Supplies,Paper,163.96,5,819.80,59.44,7.84
Oceania,Asia Pacific,Consumer,Furniture,Bookcases,"1,864.22",5,"9,321.10",455.57,239.83
Western Asia,Asia Pacific,Corporate,Furniture,Chairs,"1,142.64",6,"6,855.84",-571.32,239.71
Western Europe,Europe,Corporate,Furniture,Bookcases,"1,630.80",5,"8,154.00",18.00,239.69
Northern Europe,Europe,Consumer,Technology,Phones,"1,172.66",6,"7,035.96","-1,172.74",239.69
Southern Asia,Asia Pacific,Corporate,Technology,Phones,"2,021.88",14,"28,306.32",323.40,239.62
Central America,LATAM,Corporate,Furniture,Bookcases,836.93,4,"3,347.72",230.13,239.22
Western Asia,Asia Pacific,Consumer,Technology,Phones,"1,302.78",2,"2,605.56",286.56,239.04
North Africa,Africa,Consumer,Office Supplies,Appliances,"2,243.88",4,"8,975.52",246.72,238.95
Oceania,Asia Pacific,Home Office,Technology,Phones,"1,221.56",11,"13,437.16",325.61,238.90
Eastern Asia,Asia Pacific,Consumer,Office Supplies,Appliances,"1,609.29",3,"4,827.87",241.38,238.76
Oceania,Asia Pacific,Corporate,Technology,Copiers,"1,596.51",6,"9,579.06",-53.37,238.52
Eastern US,USCA,Consumer,Office Supplies,Art,89.86,3,269.58,21.34,5.26
Eastern Asia,Asia Pacific,Home Office,Technology,Copiers,"2,018.88",12,"24,226.56",928.44,238.34
Southern Africa,Africa,Consumer,Technology,Machines,"1,885.32",6,"11,311.92",18.72,238.23
Northern Europe,Europe,Corporate,Furniture,Tables,"3,119.34",7,"21,835.38","1,528.38",238.03
Western Europe,Europe,Home Office,Furniture,Bookcases,"1,964.25",6,"11,785.50",21.69,237.78
Western US,USCA,Consumer,Office Supplies,Binders,88.75,3,266.25,27.74,4.77
Oceania,Asia Pacific,Home Office,Furniture,Chairs,"1,653.80",6,"9,922.80",-689.26,237.38
Western Asia,Asia Pacific,Consumer,Technology,Machines,621.00,2,"1,242.00",180.06,237.28
Southern Asia,Asia Pacific,Consumer,Technology,Copiers,"2,673.81",9,"24,064.29",26.73,237.05
Southern Europe,Europe,Home Office,Furniture,Bookcases,"1,307.97",3,"3,923.91",536.22,236.79
Southern Europe,Europe,Consumer,Technology,Phones,"1,145.23",3,"3,435.69",-706.25,236.69
Western US,USCA,Consumer,Furniture,Furnishings,94.20,5,471.00,39.56,4.69
Central America,LATAM,Home Office,Technology,Copiers,"1,902.11",8,"15,216.88",872.83,236.56
Western Europe,Europe,Corporate,Technology,Copiers,"1,913.40",10,"19,134.00",899.10,236.49
Eastern Africa,Africa,Consumer,Furniture,Chairs,"1,854.72",4,"7,418.88",778.92,236.26
Western Europe,Europe,Consumer,Furniture,Chairs,"2,958.98",7,"20,712.86",953.27,236.23
Eastern Asia,Asia Pacific,Home Office,Office Supplies,Appliances,810.72,3,"2,432.16",-599.94,236.16
Western Europe,Europe,Consumer,Furniture,Bookcases,"2,953.58",8,"23,628.64",754.70,236.13
Southern Europe,Europe,Corporate,Office Supplies,Appliances,"2,593.80",5,"12,969.00","1,141.20",236.06
Southeastern Asia,Asia Pacific,Consumer,Office Supplies,Appliances,"2,051.01",5,"10,255.05",667.11,235.88
Central US,USCA,Consumer,Furniture,Chairs,37.30,2,74.60,-1.07,4.40
Western Europe,Europe,Consumer,Technology,Copiers,"1,318.65",5,"6,593.25",567.00,235.46
Southeastern Asia,Asia Pacific,Consumer,Technology,Phones,"1,120.77",9,"10,086.93",55.89,235.28
Western US,USCA,Consumer,Technology,Accessories,46.69,4,186.76,-2.92,4.29
South America,LATAM,Consumer,Office Supplies,Appliances,"3,044.80",8,"24,358.40",91.20,235.08
Western Europe,Europe,Home Office,Furniture,Bookcases,656.86,2,"1,313.72",94.84,234.96
Northern Europe,Europe,Consumer,Technology,Copiers,"2,518.95",7,"17,632.65","1,032.57",234.85
Western Africa,Africa,Home Office,Furniture,Chairs,"1,669.25",12,"20,031.00","-1,558.15",234.85
Southern Europe,Europe,Consumer,Furniture,Bookcases,"2,476.08",6,"14,856.48","1,015.02",234.79
Northern Europe,Europe,Corporate,Technology,Phones,"1,302.78",2,"2,605.56",286.56,234.73
Western US,USCA,Consumer,Office Supplies,Paper,33.40,5,167.00,16.03,2.25
Oceania,Asia Pacific,Home Office,Furniture,Tables,"2,125.32",4,"8,501.28",148.68,234.67
Northern Europe,Europe,Corporate,Technology,Phones,"1,954.44",3,"5,863.32",781.74,234.61
South America,LATAM,Consumer,Technology,Phones,856.92,2,"1,713.84",222.76,234.28
Southeastern Asia,Asia Pacific,Corporate,Technology,Phones,"3,696.03",7,"25,872.21",756.87,234.16
Southern Asia,Asia Pacific,Consumer,Technology,Phones,"1,302.96",2,"2,605.92",182.40,234.15
Western Asia,Asia Pacific,Home Office,Furniture,Chairs,"1,136.66",6,"6,819.96",-880.96,234.15
Oceania,Asia Pacific,Consumer,Technology,Copiers,"1,720.12",6,"10,320.72",382.18,234.13
Southeastern Asia,Asia Pacific,Consumer,Technology,Accessories,"1,043.93",8,"8,351.44",-295.51,234.13
Western Africa,Africa,Home Office,Technology,Machines,"1,253.76",4,"5,015.04",200.52,234.11
Central America,LATAM,Home Office,Office Supplies,Appliances,"2,180.24",11,"23,982.64",-690.54,234.04
Western Europe,Europe,Consumer,Technology,Machines,"1,306.47",6,"7,838.82",107.49,233.74
Western US,USCA,Consumer,Office Supplies,Binders,24.82,3,74.46,8.38,2.02
Western US,USCA,Consumer,Office Supplies,Fasteners,20.96,2,41.92,5.24,1.56
Central America,LATAM,Consumer,Furniture,Tables,775.54,3,"2,326.62",213.22,232.84
Western Europe,Europe,Corporate,Furniture,Tables,"2,012.05",6,"12,072.30","-1,021.67",232.54
Southeastern Asia,Asia Pacific,Home Office,Technology,Phones,"2,166.90",4,"8,667.60",391.50,232.49
Southern Asia,Asia Pacific,Corporate,Technology,Phones,"3,271.20",5,"16,356.00","1,341.15",232.45
Caribbean,LATAM,Home Office,Technology,Copiers,755.81,3,"2,267.43",195.35,232.42
Southern Africa,Africa,Corporate,Furniture,Bookcases,"2,182.68",6,"13,096.08",327.24,232.24
Eastern Asia,Asia Pacific,Corporate,Technology,Phones,"1,285.56",2,"2,571.12",51.42,232.17
Central America,LATAM,Home Office,Technology,Phones,"1,479.36",12,"17,752.32",103.44,231.96
South America,LATAM,Consumer,Furniture,Tables,740.18,3,"2,220.54",-407.14,231.52
Northern Europe,Europe,Corporate,Technology,Machines,"1,533.15",5,"7,665.75",505.80,231.35
Western Asia,Asia Pacific,Consumer,Furniture,Tables,"2,563.92",8,"20,511.36",820.32,231.32
Oceania,Asia Pacific,Corporate,Technology,Phones,"2,897.91",5,"14,489.55",901.56,231.16
Southern Asia,Asia Pacific,Corporate,Office Supplies,Appliances,"1,582.11",6,"9,492.66",-886.05,231.11
Eastern US,USCA,Consumer,Office Supplies,Art,14.59,3,43.77,2.55,1.34
Central America,LATAM,Consumer,Technology,Phones,"2,616.96",6,"15,701.76",26.16,230.47
Northern Europe,Europe,Consumer,Furniture,Tables,"1,399.11",3,"4,197.33",108.78,230.35
Western Europe,Europe,Corporate,Technology,Copiers,"3,421.71",9,"30,795.39","1,060.56",230.04
Eastern US,USCA,Consumer,Office Supplies,Paper,13.87,3,41.61,5.03,1.21
South America,LATAM,Consumer,Technology,Phones,820.08,9,"7,380.72",98.28,229.09
Western US,USCA,Consumer,Office Supplies,Binders,14.98,6,89.88,5.43,1.15
Southern Asia,Asia Pacific,Home Office,Furniture,Bookcases,"1,198.56",8,"9,588.48",359.52,228.94
Oceania,Asia Pacific,Consumer,Furniture,Tables,"1,832.61",3,"5,497.83",-445.11,228.89
Western Europe,Europe,Consumer,Furniture,Bookcases,"1,857.06",5,"9,285.30",639.51,228.78
Central Africa,Africa,Corporate,Furniture,Bookcases,"1,752.60",4,"7,010.40",455.64,228.70
Southern Asia,Asia Pacific,Consumer,Furniture,Tables,"1,850.46",2,"3,700.92",259.02,228.37
Eastern Asia,Asia Pacific,Corporate,Furniture,Chairs,"2,337.15",5,"11,685.75","1,098.45",228.16
Northern Europe,Europe,Corporate,Furniture,Bookcases,788.40,4,"3,153.60",291.60,228.13
Western Europe,Europe,Corporate,Technology,Machines,715.53,5,"3,577.65",100.98,227.85
Western US,USCA,Home Office,Technology,Copiers,"2,999.95",5,"14,999.75","1,379.98",121.36
Southern Asia,Asia Pacific,Consumer,Furniture,Tables,"3,094.56",6,"18,567.36","1,423.44",227.67
Central America,LATAM,Corporate,Technology,Copiers,882.03,9,"7,938.27",148.35,227.63
Western US,USCA,Home Office,Office Supplies,Storage,"1,126.02",3,"3,378.06",56.30,72.26
Oceania,Asia Pacific,Corporate,Furniture,Tables,953.82,3,"2,861.46",-81.81,227.19
Southern Asia,Asia Pacific,Corporate,Furniture,Bookcases,"2,871.54",7,"20,100.78",57.33,227.14
Southern Asia,Asia Pacific,Home Office,Technology,Phones,"2,544.60",4,"10,178.40",865.08,226.81
Southeastern Asia,Asia Pacific,Consumer,Technology,Machines,886.14,4,"3,544.56",106.74,226.80
Southeastern Asia,Asia Pacific,Consumer,Technology,Machines,473.85,5,"2,369.25",-5.85,226.73
Western Africa,Africa,Consumer,Technology,Copiers,"1,767.60",12,"21,211.20",0.00,226.68
Central America,LATAM,Corporate,Furniture,Bookcases,780.61,4,"3,122.44",-0.03,226.63
Central US,USCA,Home Office,Furniture,Chairs,600.56,3,"1,801.68",-8.58,58.54
Southern Europe,Europe,Corporate,Office Supplies,Appliances,"2,711.70",5,"13,558.50","1,220.25",226.25
Northern Europe,Europe,Consumer,Office Supplies,Appliances,"2,111.97",7,"14,783.79",190.05,225.84
Southeastern Asia,Asia Pacific,Corporate,Furniture,Chairs,"1,189.28",9,"10,703.52",-396.43,225.78
Southern Asia,Asia Pacific,Consumer,Technology,Phones,"1,908.45",3,"5,725.35",534.33,225.58
Eastern US,USCA,Home Office,Furniture,Chairs,897.15,3,"2,691.45",251.20,58.41
Western US,USCA,Home Office,Office Supplies,Paper,163.96,4,655.84,80.34,7.09
Southeastern Asia,Asia Pacific,Home Office,Furniture,Tables,"1,854.93",9,"16,694.37","-1,294.35",225.02
Eastern Asia,Asia Pacific,Home Office,Technology,Machines,924.66,3,"2,773.98",397.53,225.00
Eastern Asia,Asia Pacific,Consumer,Furniture,Tables,"1,760.43",5,"8,802.15",-326.97,224.80
Eastern Europe,Europe,Corporate,Technology,Phones,827.28,6,"4,963.68",397.08,224.64
Caribbean,LATAM,Consumer,Office Supplies,Appliances,"1,510.96",5,"7,554.80",509.86,224.28
Southern Asia,Asia Pacific,Corporate,Technology,Copiers,"2,098.32",8,"16,786.56",860.16,224.28
South America,LATAM,Consumer,Furniture,Tables,"1,938.24",4,"7,752.96",-96.96,223.81
Southern Europe,Europe,Consumer,Technology,Machines,803.52,5,"4,017.60",-495.63,223.78
Southern Asia,Asia Pacific,Corporate,Furniture,Chairs,"1,391.76",3,"4,175.28",97.38,223.52
Eastern US,USCA,Home Office,Technology,Accessories,163.96,4,655.84,70.50,4.96
Oceania,Asia Pacific,Consumer,Office Supplies,Storage,952.29,5,"4,761.45",-53.01,223.43
Southern Europe,Europe,Consumer,Furniture,Bookcases,"2,927.28",8,"23,418.24",146.16,223.41
Eastern US,USCA,Home Office,Furniture,Furnishings,51.07,6,306.42,5.11,1.94
Western US,USCA,Home Office,Office Supplies,Storage,51.45,3,154.35,13.89,1.84
Eastern US,USCA,Home Office,Office Supplies,Paper,19.44,3,58.32,9.33,1.82
Southern Asia,Asia Pacific,Home Office,Office Supplies,Appliances,"2,117.22",14,"29,641.08","-1,736.28",223.13
Southeastern Asia,Asia Pacific,Consumer,Furniture,Chairs,"2,747.70",6,"16,486.20",82.26,222.78
Southeastern Asia,Asia Pacific,Consumer,Furniture,Bookcases,"1,014.72",7,"7,103.04",141.96,222.52
Southern Asia,Asia Pacific,Consumer,Technology,Phones,"1,591.56",12,"19,098.72",79.56,222.40
Central America,LATAM,Consumer,Technology,Machines,533.22,3,"1,599.66",69.30,222.05
South America,LATAM,Home Office,Technology,Phones,"2,124.50",5,"10,622.50",488.60,221.92
Southeastern Asia,Asia Pacific,Consumer,Office Supplies,Storage,"1,053.87",6,"6,323.22",-152.49,221.64
Eastern US,USCA,Home Office,Office Supplies,Paper,5.88,1,5.88,1.98,1.76
Northern Europe,Europe,Corporate,Technology,Machines,"1,248.84",4,"4,995.36",249.72,221.58
Central America,LATAM,Consumer,Furniture,Bookcases,"2,040.92",7,"14,286.44",959.14,221.05
Western Europe,Europe,Consumer,Office Supplies,Storage,"1,068.71",6,"6,412.26",-0.13,220.97
South America,LATAM,Corporate,Furniture,Bookcases,875.22,3,"2,625.66",139.98,220.77
Oceania,Asia Pacific,Consumer,Technology,Accessories,"1,403.08",6,"8,418.48",296.08,220.54
Eastern Europe,Europe,Corporate,Furniture,Bookcases,"1,743.96",4,"6,975.84",714.96,220.39
Western Asia,Asia Pacific,Corporate,Technology,Machines,"1,071.84",4,"4,287.36",310.80,220.30
Southern Europe,Europe,Consumer,Technology,Machines,925.02,5,"4,625.10",-447.18,219.98
South America,LATAM,Consumer,Furniture,Chairs,"1,682.75",9,"15,144.75",-813.49,219.84
Eastern Asia,Asia Pacific,Consumer,Furniture,Bookcases,"1,944.90",5,"9,724.50",291.60,219.83
Southern Asia,Asia Pacific,Consumer,Technology,Copiers,"3,040.80",8,"24,326.40","1,155.36",219.74
Eastern US,USCA,Home Office,Office Supplies,Art,15.48,3,46.44,4.49,1.68
Central America,LATAM,Consumer,Technology,Copiers,"1,003.35",4,"4,013.40",178.95,219.53
Western US,USCA,Home Office,Office Supplies,Paper,11.96,2,23.92,5.38,1.07
Oceania,Asia Pacific,Home Office,Office Supplies,Storage,808.73,7,"5,661.11",-0.19,219.26
Western Europe,Europe,Consumer,Technology,Copiers,"2,764.33",11,"30,407.63",-195.44,219.19
Southern US,USCA,Corporate,Office Supplies,Supplies,961.48,5,"4,807.40",-204.31,89.23
Eastern Europe,Europe,Consumer,Furniture,Chairs,457.14,1,457.14,169.14,218.96
Southern US,USCA,Corporate,Office Supplies,Binders,254.06,7,"1,778.42",-169.37,29.13
Oceania,Asia Pacific,Consumer,Technology,Machines,"1,933.20",8,"15,465.60",-128.88,218.82
Western Europe,Europe,Consumer,Furniture,Bookcases,704.05,2,"1,408.10",312.91,218.81
Western Europe,Europe,Corporate,Office Supplies,Appliances,"1,355.13",5,"6,775.65",-60.27,218.75
Eastern US,USCA,Corporate,Furniture,Chairs,99.37,2,198.74,-7.10,10.79
Southern US,USCA,Corporate,Office Supplies,Appliances,194.53,2,389.06,24.32,10.39
Eastern Asia,Asia Pacific,Consumer,Furniture,Chairs,"2,819.52",6,"16,917.12",338.22,218.16
Eastern Asia,Asia Pacific,Home Office,Technology,Phones,"2,571.12",4,"10,284.48",102.84,217.64
Central Africa,Africa,Consumer,Technology,Accessories,976.08,4,"3,904.32",292.80,217.62
Oceania,Asia Pacific,Consumer,Technology,Phones,607.32,4,"2,429.28",115.32,217.39
Canada,USCA,Corporate,Office Supplies,Envelopes,87.84,6,527.04,29.70,7.97
Eastern US,USCA,Corporate,Furniture,Furnishings,33.57,2,67.14,-5.45,4.64
Central America,LATAM,Corporate,Furniture,Chairs,"1,697.58",7,"11,883.06",-63.76,217.03
Eastern Asia,Asia Pacific,Home Office,Furniture,Bookcases,"2,063.40",5,"10,317.00",123.75,216.99
Western Europe,Europe,Consumer,Technology,Copiers,632.04,6,"3,792.24",7.26,216.80
Eastern Asia,Asia Pacific,Consumer,Furniture,Bookcases,"2,906.40",7,"20,344.80","1,220.52",216.07
Southern Asia,Asia Pacific,Consumer,Furniture,Tables,"2,572.74",3,"7,718.22","1,080.54",216.06
Central US,USCA,Corporate,Office Supplies,Binders,16.03,5,80.15,-25.65,2.16
Western Europe,Europe,Consumer,Office Supplies,Appliances,"1,583.82",3,"4,751.46",126.63,215.73
Eastern US,USCA,Corporate,Office Supplies,Binders,24.67,4,98.68,7.71,1.62
Eastern US,USCA,Corporate,Office Supplies,Binders,3.74,1,3.74,1.31,1.25
Oceania,Asia Pacific,Consumer,Furniture,Chairs,"1,656.72",4,"6,626.88",-110.52,215.54
Oceania,Asia Pacific,Consumer,Technology,Copiers,"2,015.50",7,"14,108.50",850.84,215.40
Southern Europe,Europe,Consumer,Technology,Machines,"2,219.18",8,"17,753.44",24.62,215.35
Oceania,Asia Pacific,Corporate,Technology,Copiers,"2,533.92",8,"20,271.36",278.64,215.33
Central America,LATAM,Consumer,Furniture,Tables,"1,410.40",5,"7,052.00",-88.20,215.13
Eastern Asia,Asia Pacific,Consumer,Furniture,Tables,"1,773.72",5,"8,868.60",44.22,215.00
Western Africa,Africa,Consumer,Technology,Phones,"1,377.90",10,"13,779.00",289.20,214.97
Central America,LATAM,Consumer,Technology,Phones,"2,582.16",6,"15,492.96",516.36,214.88
Eastern US,USCA,Consumer,Technology,Phones,773.94,6,"4,643.64",224.44,121.91
Western Europe,Europe,Corporate,Technology,Phones,"1,257.46",8,"10,059.68",-29.66,214.54
Western US,USCA,Consumer,Office Supplies,Storage,"1,003.62",6,"6,021.72",0.00,121.83
Central America,LATAM,Consumer,Furniture,Chairs,"2,429.44",8,"19,435.52",534.40,214.42
Southern US,USCA,Consumer,Office Supplies,Storage,348.56,8,"2,788.48",104.57,116.69
Western Europe,Europe,Consumer,Furniture,Bookcases,977.02,3,"2,931.06",271.33,214.21
Western Europe,Europe,Corporate,Furniture,Chairs,"2,891.70",7,"20,241.90","1,188.81",214.13
Southern US,USCA,Consumer,Office Supplies,Binders,"1,577.94",3,"4,733.82",757.41,74.59
Oceania,Asia Pacific,Corporate,Technology,Copiers,"2,042.82",6,"12,256.92",-136.26,213.93
South America,LATAM,Corporate,Technology,Copiers,997.80,5,"4,989.00",327.90,213.78
Oceania,Asia Pacific,Corporate,Technology,Machines,"1,411.34",9,"12,702.06",486.05,213.50
Southern Asia,Asia Pacific,Consumer,Furniture,Bookcases,"1,647.00",4,"6,588.00",625.80,213.37
Oceania,Asia Pacific,Consumer,Furniture,Bookcases,"1,313.71",4,"5,254.84",102.07,213.19
Oceania,Asia Pacific,Consumer,Technology,Copiers,972.57,3,"2,917.71",194.43,213.19
Eastern Asia,Asia Pacific,Corporate,Technology,Copiers,"1,273.56",4,"5,094.24",573.00,213.03
Western Europe,Europe,Consumer,Technology,Phones,"1,908.18",3,"5,724.54",820.44,212.94
Central US,USCA,Consumer,Technology,Phones,195.96,5,979.80,19.60,26.17
Oceania,Asia Pacific,Consumer,Furniture,Bookcases,"2,398.37",11,"26,382.07","-1,479.13",212.87
Eastern Europe,Europe,Consumer,Technology,Machines,680.28,4,"2,721.12",231.24,212.86
Northern Europe,Europe,Corporate,Technology,Copiers,964.08,3,"2,892.24",337.41,212.76
Western US,USCA,Consumer,Technology,Phones,575.92,2,"1,151.84",71.99,17.88
Oceania,Asia Pacific,Home Office,Technology,Copiers,"1,709.24",5,"8,546.20",588.74,212.72
Western Asia,Asia Pacific,Consumer,Furniture,Tables,929.34,2,"1,858.68",65.04,212.15
Western US,USCA,Consumer,Office Supplies,Binders,171.20,5,856.00,64.20,12.90
Western US,USCA,Consumer,Technology,Accessories,79.90,2,159.80,35.16,5.46
Oceania,Asia Pacific,Corporate,Technology,Copiers,"2,383.86",7,"16,687.02",794.58,211.70
Northern Europe,Europe,Corporate,Technology,Copiers,"1,891.50",5,"9,457.50",832.20,211.56
Caribbean,LATAM,Corporate,Office Supplies,Appliances,912.24,3,"2,736.72",68.40,211.55
Central America,LATAM,Home Office,Technology,Copiers,947.22,4,"3,788.88",377.70,211.55
Northern Europe,Europe,Consumer,Furniture,Bookcases,"1,983.02",5,"9,915.10",616.82,211.36
Central America,LATAM,Consumer,Technology,Phones,"2,146.60",5,"10,733.00",429.30,211.31
Southern Europe,Europe,Corporate,Technology,Copiers,"2,879.82",9,"25,918.38","1,295.73",211.30
Western Europe,Europe,Corporate,Furniture,Tables,"1,622.01",5,"8,110.05",-623.94,211.17
Western Europe,Europe,Consumer,Office Supplies,Appliances,"1,503.68",6,"9,022.08",284.00,211.16
Eastern US,USCA,Consumer,Office Supplies,Binders,21.36,5,106.80,7.21,2.13
Southeastern Asia,Asia Pacific,Corporate,Office Supplies,Appliances,893.56,2,"1,787.12",247.60,211.08
Caribbean,LATAM,Consumer,Furniture,Tables,"1,143.44",2,"2,286.88",320.16,210.80
North Africa,Africa,Home Office,Technology,Copiers,"2,280.60",6,"13,683.60",136.80,210.65
South America,LATAM,Corporate,Office Supplies,Appliances,"1,401.84",4,"5,607.36",126.16,210.64
Western Europe,Europe,Corporate,Technology,Machines,"2,088.24",8,"16,705.92",83.52,210.59
Southern Asia,Asia Pacific,Home Office,Furniture,Bookcases,"2,194.53",13,"28,528.89",438.75,210.22
Western Europe,Europe,Corporate,Office Supplies,Storage,"1,527.12",8,"12,216.96",474.96,209.96
Eastern Asia,Asia Pacific,Home Office,Office Supplies,Appliances,972.62,7,"6,808.34",-486.47,209.86
Western Europe,Europe,Corporate,Technology,Machines,794.70,3,"2,384.10",174.78,209.73
Southeastern Asia,Asia Pacific,Consumer,Furniture,Chairs,"2,761.20",6,"16,567.20",110.34,209.38
Eastern Europe,Europe,Corporate,Furniture,Bookcases,"3,312.24",8,"26,497.92","1,622.88",209.36
Central America,LATAM,Consumer,Furniture,Bookcases,825.79,4,"3,303.16",41.23,209.32
Western US,USCA,Consumer,Office Supplies,Fasteners,30.40,5,152.00,15.20,2.12
Southern Asia,Asia Pacific,Consumer,Technology,Phones,"3,180.30",5,"15,901.50",381.60,209.29
Eastern Asia,Asia Pacific,Home Office,Furniture,Chairs,"1,860.00",4,"7,440.00",316.20,209.07
Southern Asia,Asia Pacific,Corporate,Technology,Phones,"2,582.16",4,"10,328.64",361.44,208.88
Southeastern Asia,Asia Pacific,Home Office,Technology,Phones,881.10,5,"4,405.50",184.95,208.56
Western Europe,Europe,Consumer,Technology,Phones,"1,622.18",3,"4,866.54",324.38,208.39
Northern Europe,Europe,Consumer,Technology,Machines,"1,677.19",6,"10,063.14",521.77,208.31
Eastern Asia,Asia Pacific,Corporate,Technology,Phones,"1,001.88",6,"6,011.28",230.40,208.13
Southern US,USCA,Consumer,Office Supplies,Paper,16.50,2,33.00,5.57,1.72
Northern Europe,Europe,Corporate,Office Supplies,Appliances,554.53,2,"1,109.06",-0.05,207.93
Central America,LATAM,Consumer,Technology,Phones,"2,120.80",5,"10,604.00",275.70,207.89
Southern Asia,Asia Pacific,Corporate,Technology,Phones,"1,531.20",10,"15,312.00",45.90,207.81
Western Asia,Asia Pacific,Consumer,Technology,Copiers,"1,572.84",6,"9,437.04",141.48,207.49
Southern Asia,Asia Pacific,Consumer,Furniture,Bookcases,"1,236.33",3,"3,708.99",519.21,207.44
Eastern US,USCA,Consumer,Office Supplies,Binders,6.69,2,13.38,2.34,1.53
Eastern Asia,Asia Pacific,Consumer,Technology,Copiers,759.66,2,"1,519.32",311.46,207.21
Oceania,Asia Pacific,Corporate,Furniture,Tables,"2,951.99",9,"26,567.91",-632.80,206.92
Western US,USCA,Consumer,Office Supplies,Art,3.36,2,6.72,0.87,1.27
Western Europe,Europe,Home Office,Furniture,Tables,627.28,2,"1,254.56",-135.14,206.61
Southern US,USCA,Corporate,Technology,Phones,"1,394.95",5,"6,974.75",362.69,140.10
Southern Europe,Europe,Home Office,Technology,Phones,553.92,4,"2,215.68",22.08,206.56
Western Europe,Europe,Consumer,Technology,Phones,"3,873.24",6,"23,239.44",890.82,206.54
Eastern Asia,Asia Pacific,Corporate,Technology,Copiers,791.19,3,"2,373.57",126.54,206.41
Eastern Asia,Asia Pacific,Corporate,Furniture,Bookcases,"2,470.50",6,"14,823.00",518.76,206.39
Central America,LATAM,Consumer,Technology,Phones,"2,120.70",5,"10,603.50",63.60,206.33
Oceania,Asia Pacific,Home Office,Furniture,Bookcases,759.06,6,"4,554.36",15.12,206.28
Eastern Asia,Asia Pacific,Consumer,Office Supplies,Appliances,"1,581.03",3,"4,743.09",790.47,206.05
Southeastern Asia,Asia Pacific,Home Office,Technology,Copiers,"1,161.20",7,"8,128.40",-147.52,205.96
Eastern Africa,Africa,Consumer,Technology,Copiers,642.72,2,"1,285.44",224.94,205.74
Central America,LATAM,Corporate,Technology,Phones,"1,308.48",3,"3,925.44",13.08,205.72
Southern Asia,Asia Pacific,Consumer,Furniture,Tables,"3,547.44",8,"28,379.52",780.24,205.63
Eastern Asia,Asia Pacific,Consumer,Furniture,Bookcases,724.80,2,"1,449.60",333.36,205.55
Western US,USCA,Corporate,Furniture,Bookcases,"1,292.94",3,"3,878.82",77.58,77.12
South America,LATAM,Consumer,Furniture,Chairs,803.52,9,"7,231.68",80.28,205.34
Southern US,USCA,Corporate,Office Supplies,Storage,275.97,3,827.91,11.04,36.12
Central America,LATAM,Consumer,Furniture,Tables,"1,011.70",7,"7,081.90",126.34,205.22
Caribbean,LATAM,Consumer,Furniture,Tables,"2,419.20",7,"16,934.40",411.18,205.17
Caribbean,LATAM,Consumer,Office Supplies,Appliances,803.04,5,"4,015.20",180.64,205.15
Caribbean,LATAM,Corporate,Furniture,Tables,"1,773.72",6,"10,642.32",212.76,205.11
Northern Europe,Europe,Home Office,Technology,Copiers,"1,893.30",5,"9,466.50",927.60,205.01
Northern Europe,Europe,Corporate,Technology,Copiers,777.24,4,"3,108.96",170.88,205.01
Oceania,Asia Pacific,Consumer,Office Supplies,Storage,689.09,14,"9,647.26",-53.89,204.72
Northern Europe,Europe,Consumer,Technology,Phones,737.91,6,"4,427.46",-8.37,204.65
Western Europe,Europe,Consumer,Technology,Phones,"2,570.76",4,"10,283.04",976.80,204.64
Northern Europe,Europe,Home Office,Technology,Copiers,"1,199.76",4,"4,799.04",479.88,204.43
Eastern Asia,Asia Pacific,Consumer,Technology,Copiers,"3,216.24",9,"28,946.16",96.39,204.36
South America,LATAM,Consumer,Furniture,Tables,"1,274.24",5,"6,371.20",-127.46,204.31
Northern Europe,Europe,Consumer,Office Supplies,Appliances,"2,145.72",4,"8,582.88",364.68,204.29
Southern US,USCA,Corporate,Furniture,Chairs,545.88,6,"3,275.28",70.96,29.90
Eastern Asia,Asia Pacific,Corporate,Furniture,Chairs,882.15,5,"4,410.75",114.60,203.92
Western US,USCA,Corporate,Office Supplies,Paper,164.88,3,494.64,80.79,12.73
Western Europe,Europe,Consumer,Office Supplies,Storage,895.05,5,"4,475.25",178.95,203.67
Western Asia,Asia Pacific,Corporate,Technology,Phones,"1,570.18",4,"6,280.72",104.62,203.61
Eastern Asia,Asia Pacific,Consumer,Furniture,Tables,"2,614.69",7,"18,302.83",-821.96,203.26
Western US,USCA,Corporate,Office Supplies,Appliances,69.48,1,69.48,20.84,12.04
Oceania,Asia Pacific,Consumer,Technology,Copiers,636.78,2,"1,273.56",286.50,203.20
South America,LATAM,Corporate,Furniture,Bookcases,"2,751.20",10,"27,512.00",110.00,203.13
Southeastern Asia,Asia Pacific,Corporate,Technology,Phones,"1,587.00",3,"4,761.00",-76.56,203.08
